language,fleurs_config,fleurs_lang_code,iso639_3,region_group,analysis_version,fleurs_revision,ud_revision,fleurs_n_utterances,fleurs_train_files,fleurs_downloaded_bytes,ud_status,ud_treebank,ud_downloaded_bytes,max_lag_characters,max_lag_rule,memory_cost_bits_char,word_rate_wps,syllable_rate_sps,speech_char_rate_cps,seconds_per_character,mean_duration_s,median_duration_s,estimated_syllable_total,syllable_estimator,locality_lambda_per_char,locality_lambda_per_s,locality_quality_status,locality_lambda_r2,locality_fit_rmse_bits,hilberg_alpha,hilberg_r2,hilberg_alpha_at_bound,locality_amplitude,n_decay_points,n_positive_information_points,decay_start_lag,decay_end_lag,decay_start_seconds,decay_end_seconds,decay_fit_method,lambda_q025,lambda_q975,lambda_bootstrap_n,lambda_bootstrap_method,n_words,n_word_types,mean_word_length_chars,median_word_length_chars,lexical_ttr,n_chars,mean_chars_per_utterance,H_original,H_order,H_structure,word_order_redundancy,word_structure_redundancy,word_order_redundancy_raw,word_structure_redundancy_raw,morphology_index,morphology_index_status,morphology_estimator_version,char_entropy_rate_bits,morphology_corpus_characters,morphology_character_definition,ud_n_sentences,ud_n_tokens,ud_morph_feature_density,ud_mean_feats_per_token,ud_dependency_direction_entropy_bits,ud_mean_dependency_distance,morphology_source,locality_estimator,locality_effective_train_chars,locality_effective_valid_chars,locality_eval_positions,locality_requested_train_chars,locality_requested_valid_chars,locality_target_unit,locality_train_valid_fraction,speech_time_source
Icelandic,is_is,is,isl,Western Europe,2026-09-16-hf-fleurs-ud-v1,main,2.18,250,1,651355592,loaded,is_icepahc,10950007,10,low_resource_fixed_lag,2.8213973370363843,1.888679603428388,3.6817206185115423,9.786893863068904,0.1021774644735369,10.95792,10.5,10086.0,"unicode_orthographic_heuristic_v2; approximate, not gold phonological annotation",0.8396052851183022,8.217127812324529,identified,0.9983808390237224,0.0145185946678332,1.6520245273341752,0.7414194695232492,False,2.328168478267311,5,5,1.0,5.0,0.1021774644735369,0.5108873223676849,nonlinear_exponential_least_squares_positive_prefix,7.87535660170142,8.741218202032385,300,parametric_residual_positive_prefix,22652.0,4439.0,4.311848843369239,4.0,0.195965036199894,119324.0,119.324,2.0289439643982567,2.2982991153161487,2.4478056470488765,0.269355150917892,0.4188616826506197,0.269355150917892,0.4188616826506197,0.6086187698704731,identified,koplenig_lz_longest_match_v6_ud_annotations,2.0289439643982567,120323.0,normalized_utterances_joined_by_single_spaces; Koplenig-style entropy-rate corpus,1000.0,26125.0,0.6063157894736843,2.588593301435407,0.9960813292673668,2.7822885572139304,Universal Dependencies 2.18 treebank,held-out character-level interpolated Kneser-Ney,21114,5697,5213,100000,20000,Unicode character excluding whitespace as eligible target; whitespace retained inside context stream,0.8,FLEURS num_samples at 16 kHz
Odia,or_in,or,ori,South Asia,2026-09-16-hf-fleurs-ud-v1,main,2.18,250,1,779973028,no_matching_treebank,,0,10,low_resource_fixed_lag,5.169093146637417,1.6381110400247476,1.644790033535578,9.417029324296774,0.1061906006196573,11.37896,10.71,4679.0,"unicode_orthographic_heuristic_v2; approximate, not gold phonological annotation",0.775635660907781,7.304183763738883,identified,0.9994653592733024,0.0112875777136626,2.872401788512113,-5.059172988579491,False,3.465017905605191,10,10,1.0,10.0,0.1061906006196573,1.061906006196573,nonlinear_exponential_least_squares_positive_prefix,,,32,parametric_residual_positive_prefix,,,,,,,,,,,,,,,,,,,,,,,,,,,,held-out character-level interpolated Kneser-Ney,21632,5157,4673,100000,20000,Unicode character excluding whitespace as eligible target; whitespace retained inside context stream,0.8,FLEURS num_samples at 16 kHz
Afrikaans,af_za,af,afr,Sub-Saharan Africa,2026-09-16-hf-fleurs-ud-v1,main,2.18,250,1,825084625,loaded,af_afribooms,474283,10,low_resource_fixed_lag,3.7653971409356335,2.2245733654656243,3.782205764219519,10.794490487666296,0.0926398518894979,10.2078,9.12,9652.0,"unicode_orthographic_heuristic_v2; approximate, not gold phonological annotation",0.7214722025448866,7.787924827486429,identified,0.9975706151033428,0.0154169181302757,2.3363042061922954,-1.895629612863924,False,2.102226791667474,10,10,1.0,10.0,0.0926398518894979,0.9263985188949796,nonlinear_exponential_least_squares_positive_prefix,,,47,parametric_residual_positive_prefix,21377.0,3771.0,5.288534406137438,4.0,0.1764045469429761,133430.0,133.43,1.2873655246052509,1.987280252099372,1.493245575708931,0.6999147274941211,0.20588005110368,0.6999147274941211,0.20588005110368,0.2272921592928465,identified,koplenig_lz_longest_match_v6_ud_annotations,1.2873655246052509,134429.0,normalized_utterances_joined_by_single_spaces; Koplenig-style entropy-rate corpus,1000.0,23378.0,0.8173068697065617,1.4653520403798443,0.982625638151871,3.3389489677361697,Universal Dependencies 2.18 treebank,held-out character-level interpolated Kneser-Ney,22388,5159,4684,100000,20000,Unicode character excluding whitespace as eligible target; whitespace retained inside context stream,0.8,FLEURS num_samples at 16 kHz
Georgian,ka_ge,ka,kat,Eastern Europe,2026-09-16-hf-fleurs-ud-v1,main,2.18,1200,1,1161929439,loaded,ka_glc,1254556,20,standard_fixed_lag,10.468633659419517,1.31758934499432,1.3252501494201945,9.332723229629506,0.1071498613422074,12.07445,11.4,19202.0,"unicode_orthographic_heuristic_v2; approximate, not gold phonological annotation",0.5730268541287735,5.347901032729124,identified,0.947122050128107,0.0843660163648459,1.5917132792342317,-1.569565538121664,False,2.633430230360548,20,20,1.0,20.0,0.1071498613422074,2.1429972268441486,nonlinear_exponential_least_squares_positive_prefix,4.179433234709472,6.193624163225452,122,parametric_residual_positive_prefix,31251.0,11802.0,7.82618156219001,8.0,0.3776519151387155,273613.0,123.58310749774164,1.6862224030329662,2.0389108162944,2.3981592718852154,0.3526884132614338,0.7119368688522492,0.3526884132614338,0.7119368688522492,0.6687206107286742,identified,koplenig_lz_longest_match_v6_ud_annotations,1.6862224030329662,275826.0,normalized_utterances_joined_by_single_spaces; Koplenig-style entropy-rate corpus,2214.0,40530.0,0.942832469775475,2.6048359240069083,0.9587745348514388,3.2444931621254827,Universal Dependencies 2.18 treebank,held-out character-level interpolated Kneser-Ney,99999,19984,16720,100000,20000,Unicode character excluding whitespace as eligible target; whitespace retained inside context stream,0.8,FLEURS num_samples at 16 kHz
Slovak,sk_sk,sk,slk,Eastern Europe,2026-09-16-hf-fleurs-ud-v1,main,2.18,1200,1,1333419854,loaded,sk_snk,1707764,20,standard_fixed_lag,10.61372130442717,1.6928033772380475,3.826591100345442,9.359778446241132,0.1068401357728288,10.75435,10.38,49383.0,"unicode_orthographic_heuristic_v2; approximate, not gold phonological annotation",0.4473620644854468,4.187209808836821,identified,0.9736714759193044,0.0494861448984699,1.5613928086362765,-3.4883300842952982,False,1.863729902012386,20,20,1.0,20.0,0.1068401357728288,2.136802715456578,nonlinear_exponential_least_squares_positive_prefix,3.498687460376326,4.676287032969719,132,parametric_residual_positive_prefix,41461.0,15218.0,5.349822724970454,5.0,0.3670437278406213,258270.0,51.654,2.292364960854371,2.55572526795994,3.040090109461188,0.263360307105569,0.747725148606817,0.263360307105569,0.747725148606817,0.7395271531029869,identified,koplenig_lz_longest_match_v6_ud_annotations,2.292364960854371,263269.0,normalized_utterances_joined_by_single_spaces; Koplenig-style entropy-rate corpus,5000.0,50728.0,0.7504928244756348,3.060045734111339,0.9922943985474214,2.7599282715185445,Universal Dependencies 2.18 treebank,held-out character-level interpolated Kneser-Ney,96382,19986,16406,100000,20000,Unicode character excluding whitespace as eligible target; whitespace retained inside context stream,0.8,FLEURS num_samples at 16 kHz
Arabic,ar_eg,ar,ara,Central Asia / Middle East / North Africa,2026-09-16-hf-fleurs-ud-v1,main,2.18,1200,1,1381311999,loaded,ar_padt,9721827,20,standard_fixed_lag,9.332481694484713,1.7501874297814213,1.751893344658442,8.404961365038966,0.1189773464229795,10.258425104166664,9.72,21566.0,"unicode_orthographic_heuristic_v2; approximate, not gold phonological annotation",0.5216076173385391,4.38409187144045,identified,0.9863846008608674,0.0346977098321001,1.6262248002515367,-3.2364111641360296,False,2.0314921798665737,20,20,1.0,20.0,0.1189773464229795,2.3795469284595905,nonlinear_exponential_least_squares_positive_prefix,,,49,parametric_residual_positive_prefix,148889.0,28739.0,4.876135913331408,5.0,0.1930229902813505,869892.0,173.9784,1.8837051536523888,2.4611425987833284,2.2760885147375327,0.5774374451309392,0.3923833610851435,0.5774374451309392,0.3923833610851435,0.4045936719135697,identified,koplenig_lz_longest_match_v6_ud_annotations,1.8837051536523888,874891.0,normalized_utterances_joined_by_single_spaces; Koplenig-style entropy-rate corpus,5000.0,192154.0,0.7709805676696816,2.387371587372628,0.8988998977106716,4.193482372805283,Universal Dependencies 2.18 treebank,held-out character-level interpolated Kneser-Ney,83434,19935,15721,100000,20000,Unicode character excluding whitespace as eligible target; whitespace retained inside context stream,0.8,FLEURS num_samples at 16 kHz
Punjabi,pa_in,pa,pan,South Asia,2026-09-16-hf-fleurs-ud-v1,main,2.18,1200,1,1455452751,loaded,pa_cs,61536,20,standard_fixed_lag,10.812079719250288,2.0025420634251847,2.0025420634251847,8.101879160697733,0.1234281553902959,11.867,11.34,28517.0,"unicode_orthographic_heuristic_v2; approximate, not gold phonological annotation",0.5470771414942658,4.432352891966477,identified,0.9924251608049393,0.0315212968575182,1.5254776577266025,-1.541909777466762,False,2.5625909453392937,20,20,1.0,20.0,0.1234281553902959,2.468563107805918,nonlinear_exponential_least_squares_positive_prefix,4.004715584768022,4.680610797132652,94,parametric_residual_positive_prefix,1210.0,528.0,3.750413223140496,3.0,0.4363636363636363,5675.0,77.73972602739725,2.0621453300934123,2.476274917302532,2.385613897784836,0.4141295872091195,0.3234685676914233,0.4141295872091195,0.3234685676914233,0.4385430814086561,identified,koplenig_lz_longest_match_v6_ud_annotations,2.0621453300934123,5747.0,normalized_utterances_joined_by_single_spaces; Koplenig-style entropy-rate corpus,73.0,1351.0,0.5632864544781643,1.8201332346410064,0.9756797868933084,3.470266040688576,Universal Dependencies 2.18 treebank,held-out character-level interpolated Kneser-Ney,92370,19995,16342,100000,20000,Unicode character excluding whitespace as eligible target; whitespace retained inside context stream,0.8,FLEURS num_samples at 16 kHz
Latvian,lv_lv,lv,lav,Eastern Europe,2026-09-16-hf-fleurs-ud-v1,main,2.18,1200,1,1474247027,loaded,lv_lvtb,6666713,20,standard_fixed_lag,10.199786095461992,1.5475355700192983,3.730956405000779,9.35608376185168,0.1068823265646018,11.1236,10.65,49802.0,"unicode_orthographic_heuristic_v2; approximate, not gold phonological annotation",0.4287529306960663,4.011448332731784,identified,0.9755059121858806,0.0454437752130044,1.5506693554262012,-3.450114874403849,False,1.7238684213078097,20,20,1.0,20.0,0.1068823265646018,2.1376465312920376,nonlinear_exponential_least_squares_positive_prefix,3.612752682237797,4.231399178627116,56,parametric_residual_positive_prefix,61243.0,20847.0,5.604542559966037,5.0,0.340398086311905,399482.0,79.8964,2.302749598809722,2.4926263695093662,3.110975687402855,0.1898767706996436,0.8082260885931323,0.1898767706996436,0.8082260885931323,0.8097623216567236,identified,koplenig_lz_longest_match_v6_ud_annotations,2.302749598809722,404481.0,normalized_utterances_joined_by_single_spaces; Koplenig-style entropy-rate corpus,5000.0,74817.0,0.6578852399855648,2.798307871205742,0.9574688699975004,3.447111734964264,Universal Dependencies 2.18 treebank,held-out character-level interpolated Kneser-Ney,99985,19979,16409,100000,20000,Unicode character excluding whitespace as eligible target; whitespace retained inside context stream,0.8,FLEURS num_samples at 16 kHz
Oromo,om_et,om,orm,Sub-Saharan Africa,2026-09-16-hf-fleurs-ud-v1,main,2.18,1200,1,1525768979,no_matching_treebank,,0,20,standard_fixed_lag,6.981860494387649,1.387842093669816,3.2823727622891776,8.861840891095593,0.1128433710658022,13.99775,13.56,55135.0,"unicode_orthographic_heuristic_v2; approximate, not gold phonological annotation",0.7913760032206743,7.013048225572769,identified,0.978554364615724,0.0489786727006852,1.6672848184072977,-0.0358984662212642,False,3.1782408041009305,20,20,1.0,20.0,0.1128433710658022,2.256867421316046,nonlinear_exponential_least_squares_positive_prefix,5.915892051015946,8.114275377269538,138,parametric_residual_positive_prefix,,,,,,,,,,,,,,,,,,,,,,,,,,,,held-out character-level interpolated Kneser-Ney,99993,19961,16905,100000,20000,Unicode character excluding whitespace as eligible target; whitespace retained inside context stream,0.8,FLEURS num_samples at 16 kHz
Hindi,hi_in,hi,hin,South Asia,2026-09-16-hf-fleurs-ud-v1,main,2.18,1200,1,1529543468,loaded,hi_hdtb,9524466,20,standard_fixed_lag,9.234011442452784,2.1637496738010253,2.167582972487236,8.648437857068087,0.1156278181709697,11.30445,10.8,29404.0,"unicode_orthographic_heuristic_v2; approximate, not gold phonological annotation",0.5930092011051489,5.128603224427472,identified,0.9921513441401368,0.033576597882197,1.696211282528084,-1.2622983960409426,False,2.8234300035970774,20,20,1.0,20.0,0.1156278181709697,2.312556363419395,nonlinear_exponential_least_squares_positive_prefix,,,36,parametric_residual_positive_prefix,95199.0,10206.0,3.991523020199792,4.0,0.1072070084769798,470188.0,94.0376,1.9318774451007503,2.4334083399399904,2.181654741773252,0.5015308948392401,0.2497772966725018,0.5015308948392401,0.2497772966725018,0.3324565065235258,identified,koplenig_lz_longest_match_v6_ud_annotations,1.9318774451007503,475187.0,normalized_utterances_joined_by_single_spaces; Koplenig-style entropy-rate corpus,5000.0,101712.0,0.8526525876986,2.898192936919931,0.9804335364541252,3.4886984035073207,Universal Dependencies 2.18 treebank,held-out character-level interpolated Kneser-Ney,93002,19975,16487,100000,20000,Unicode character excluding whitespace as eligible target; whitespace retained inside context stream,0.8,FLEURS num_samples at 16 kHz
Galician,gl_es,gl,glg,Western Europe,2026-09-16-hf-fleurs-ud-v1,main,2.18,1200,1,1532551600,loaded,gl_ctg,1138272,20,standard_fixed_lag,9.372855301763035,2.0383351522492594,4.266232325533983,10.255987431490832,0.0975040196451018,11.117733333333332,10.7,56917.0,"unicode_orthographic_heuristic_v2; approximate, not gold phonological annotation",0.5811239874623063,5.96000031155125,identified,0.9594958538760352,0.0609132533671693,1.4522704883579964,-1.0271727018322148,False,2.222739644641901,20,20,1.0,20.0,0.0975040196451018,1.9500803929020367,nonlinear_exponential_least_squares_positive_prefix,4.6612836407417495,6.500199690120505,117,parametric_residual_positive_prefix,64760.0,12545.0,5.259604694255714,5.0,0.1937152563310685,403100.0,177.42077464788733,1.8964264406030984,2.1388951217390293,2.454136736670355,0.2424686811359311,0.5577102960672569,0.2424686811359311,0.5577102960672569,0.6969819402361511,identified,koplenig_lz_longest_match_v6_ud_annotations,1.8964264406030984,405371.0,normalized_utterances_joined_by_single_spaces; Koplenig-style entropy-rate corpus,2272.0,79413.0,0.2201528716960699,0.3952123707705287,0.987083699840172,3.4552572561932045,Universal Dependencies 2.18 treebank,held-out character-level interpolated Kneser-Ney,99954,19978,16707,100000,20000,Unicode character excluding whitespace as eligible target; whitespace retained inside context stream,0.8,FLEURS num_samples at 16 kHz
Macedonian,mk_mk,mk,mkd,Eastern Europe,2026-09-16-hf-fleurs-ud-v1,main,2.18,1200,1,1559356545,no_matching_treebank,,0,20,standard_fixed_lag,9.743726512224534,1.912007520994793,1.9157996192101368,9.964370077185,0.1003575732589115,10.54825,9.84,24250.0,"unicode_orthographic_heuristic_v2; approximate, not gold phonological annotation",0.6081170681508734,6.059503517308033,identified,0.9587007480410864,0.0693870694238873,1.5877332928697552,-1.6422692686401934,False,2.587445204058904,20,20,1.0,20.0,0.1003575732589115,2.007151465178232,nonlinear_exponential_least_squares_positive_prefix,4.993413071727429,6.895678353882829,133,parametric_residual_positive_prefix,,,,,,,,,,,,,,,,,,,,,,,,,,,,held-out character-level interpolated Kneser-Ney,99977,19992,16577,100000,20000,Unicode character excluding whitespace as eligible target; whitespace retained inside context stream,0.8,FLEURS num_samples at 16 kHz
Urdu,ur_pk,ur,urd,South Asia,2026-09-16-hf-fleurs-ud-v1,main,2.18,1200,1,1598115208,loaded,ur_udtb,3239175,20,standard_fixed_lag,10.095010805576216,2.229174432061693,2.229802643794176,8.110143665043088,0.1233023780220158,11.93865,11.19,31945.0,"unicode_orthographic_heuristic_v2; approximate, not gold phonological annotation",0.4434841196796916,3.5967199237674614,identified,0.989263788812558,0.0303696713039074,1.4925588954667617,-2.5027054138980644,False,1.7892626985236717,20,20,1.0,20.0,0.1233023780220158,2.466047560440317,nonlinear_exponential_least_squares_positive_prefix,,,46,parametric_residual_positive_prefix,104326.0,9194.0,3.652588999865805,3.0,0.0881276000230048,481343.0,119.055899084838,1.3800622031378276,2.466817471222183,1.502741167955116,1.0867552680843553,0.1226789648172883,1.0867552680843553,0.1226789648172883,0.101435002813638,identified,koplenig_lz_longest_match_v6_ud_annotations,1.3800622031378276,485385.0,normalized_utterances_joined_by_single_spaces; Koplenig-style entropy-rate corpus,4043.0,108690.0,0.8366271046094397,2.8140123286410894,0.9736993232888728,3.492981165250796,Universal Dependencies 2.18 treebank,held-out character-level interpolated Kneser-Ney,93263,19988,16468,100000,20000,Unicode character excluding whitespace as eligible target; whitespace retained inside context stream,0.8,FLEURS num_samples at 16 kHz
Khmer,km_kh,km,khm,South/Southeast Asia,2026-09-16-hf-fleurs-ud-v1,main,2.18,1200,1,1599896497,no_matching_treebank,,0,20,standard_fixed_lag,8.544202056182849,0.3985288454806414,0.4701283868935098,8.621481831547996,0.1159893414541301,15.2352,14.76,8595.0,"unicode_orthographic_heuristic_v2; approximate, not gold phonological annotation",0.6678285825721013,5.7576719912338215,identified,0.9990533066468504,0.0146233375454207,2.2199423561080938,-2.9050094385473395,False,3.868928100576282,20,20,1.0,20.0,0.1159893414541301,2.319786829082604,nonlinear_exponential_least_squares_positive_prefix,,,7,parametric_residual_positive_prefix,,,,,,,,,,,,,,,,,,,,,,,,,,,,held-out character-level interpolated Kneser-Ney,99980,19982,16729,100000,20000,Unicode character excluding whitespace as eligible target; whitespace retained inside context stream,0.8,FLEURS num_samples at 16 kHz
Estonian,et_ee,et,est,Eastern Europe,2026-09-16-hf-fleurs-ud-v1,main,2.18,1200,1,1658797289,loaded,et_edt,7000450,20,standard_fixed_lag,8.68840133344975,1.525934641887329,3.885333092941495,9.90090162754764,0.1010009025054509,10.53835,9.84,49134.0,"unicode_orthographic_heuristic_v2; approximate, not gold phonological annotation",0.5305514587906636,5.252937801838255,identified,0.9411382940068622,0.0671819238793609,1.561117879584237,-2.1841406095214864,False,1.87781707432154,20,20,1.0,20.0,0.1010009025054509,2.0200180501090195,nonlinear_exponential_least_squares_positive_prefix,3.951723663625728,6.016494718627611,151,parametric_residual_positive_prefix,56194.0,21456.0,6.125404847492615,6.0,0.3818201231448197,395405.0,79.081,2.345129432065493,2.461709596768386,3.33040306791748,0.116580164702893,0.9852736358519868,0.116580164702893,0.9852736358519868,0.8941963401640175,identified,koplenig_lz_longest_match_v6_ud_annotations,2.345129432065493,400404.0,normalized_utterances_joined_by_single_spaces; Koplenig-style entropy-rate corpus,5000.0,66564.0,0.6834024397572261,1.9912865813352565,0.9777933271899378,3.158599181339744,Universal Dependencies 2.18 treebank,held-out character-level interpolated Kneser-Ney,99987,19979,16372,100000,20000,Unicode character excluding whitespace as eligible target; whitespace retained inside context stream,0.8,FLEURS num_samples at 16 kHz
Cantonese Chinese,yue_hant_hk,yue,yue,CJK,2026-09-16-hf-fleurs-ud-v1,main,2.18,1200,1,1668413359,no_matching_treebank,,0,10,low_resource_fixed_lag,15.371478842325365,2.4161000343566066,2.381177110194096,2.489217940440998,0.4017326019363482,13.24345,12.48,37842.0,"unicode_orthographic_heuristic_v2; approximate, not gold phonological annotation",0.5006910663987825,1.2463291850983842,identified,0.7884264785729501,0.4224443543312504,1.1227611594065678,0.5955802458470747,False,4.3173306583451225,10,10,1.0,10.0,0.4017326019363482,4.017326019363482,nonlinear_exponential_least_squares_positive_prefix,,,28,parametric_residual_positive_prefix,,,,,,,,,,,,,,,,,,,,,,,,,,,,held-out character-level interpolated Kneser-Ney,31811,7748,6294,100000,20000,Unicode character excluding whitespace as eligible target; whitespace retained inside context stream,0.8,FLEURS num_samples at 16 kHz
Japanese,ja_jp,ja,jpn,CJK,2026-09-16-hf-fleurs-ud-v1,main,2.18,1200,1,1686320112,loaded,ja_gsd,7577655,10,low_resource_fixed_lag,9.284874170607388,0.2624655280719101,4.071772033160657,4.194941394201111,0.2383823529411764,11.8333,11.28,57819.0,"unicode_orthographic_heuristic_v2; approximate, not gold phonological annotation",0.9840808551656554,4.128161514575235,identified,0.9983651479443864,0.0362993355141797,1.654498240655521,0.8703800004632359,False,8.08075926816314,10,10,1.0,10.0,0.2383823529411764,2.3838235294117647,nonlinear_exponential_least_squares_positive_prefix,3.891101481862466,4.218297696975472,189,parametric_residual_positive_prefix,12635.0,12056.0,14.530668777206174,13.0,0.9541749109616146,191230.0,38.246,4.536563429075639,4.550967973713676,7.564811930630049,0.0144045446380367,3.02824850155441,0.0144045446380367,3.02824850155441,0.995265794548589,identified,koplenig_lz_longest_match_v6_ud_annotations,4.536563429075639,196229.0,normalized_utterances_joined_by_single_spaces; Koplenig-style entropy-rate corpus,5000.0,119117.0,0.005557561053418,0.005557561053418,0.998814814634838,2.821954660567663,Universal Dependencies 2.18 treebank,held-out character-level interpolated Kneser-Ney,47632,11936,9421,100000,20000,Unicode character excluding whitespace as eligible target; whitespace retained inside context stream,0.8,FLEURS num_samples at 16 kHz
Lao,lo_la,lo,lao,South/Southeast Asia,2026-09-16-hf-fleurs-ud-v1,main,2.18,1200,1,1693652897,no_matching_treebank,,0,20,standard_fixed_lag,9.904795109034085,0.3845946686194358,0.4571359157100504,7.643819038811286,0.1308246564868329,14.54345,14.01,7978.0,"unicode_orthographic_heuristic_v2; approximate, not gold phonological annotation",0.6643214670397151,5.0779530776492185,identified,0.9989839136266316,0.0152362052363528,1.868929825993949,-1.44072522486019,False,3.897349677817183,20,20,1.0,20.0,0.1308246564868329,2.6164931297366585,nonlinear_exponential_least_squares_positive_prefix,,,47,parametric_residual_positive_prefix,,,,,,,,,,,,,,,,,,,,,,,,,,,,held-out character-level interpolated Kneser-Ney,99976,19989,16405,100000,20000,Unicode character excluding whitespace as eligible target; whitespace retained inside context stream,0.8,FLEURS num_samples at 16 kHz
English (US),en_us,en,eng,North America,2026-09-16-hf-fleurs-ud-v1,main,2.18,1200,1,1721501976,loaded,en_gum,6186637,20,standard_fixed_lag,8.63740721629651,2.0609160555664507,3.546363779573125,9.929802508270347,0.100706937440812,10.368366666666669,9.72,44124.0,"unicode_orthographic_heuristic_v2; approximate, not gold phonological annotation",0.4607653033046811,4.575308464478771,identified,0.979421487806144,0.0383556404433295,1.521506929322752,-2.1298304855429686,False,1.6613040034847495,20,20,1.0,20.0,0.100706937440812,2.01413874881624,nonlinear_exponential_least_squares_positive_prefix,,,27,parametric_residual_positive_prefix,73407.0,11354.0,4.527333905485853,4.0,0.1546718977754165,400745.0,80.149,2.052278580322698,2.320268812434875,2.5112517280084994,0.2679902321121767,0.4589731476858012,0.2679902321121767,0.4589731476858012,0.6313566273631956,identified,koplenig_lz_longest_match_v6_ud_annotations,2.052278580322698,405744.0,normalized_utterances_joined_by_single_spaces; Koplenig-style entropy-rate corpus,5000.0,86296.0,0.665789839621767,1.3789862797812182,0.9625372691945948,3.400819228498327,Universal Dependencies 2.18 treebank,held-out character-level interpolated Kneser-Ney,99672,19996,16432,100000,20000,Unicode character excluding whitespace as eligible target; whitespace retained inside context stream,0.8,FLEURS num_samples at 16 kHz
Asturian,ast_es,ast,ast,Western Europe,2026-09-16-hf-fleurs-ud-v1,main,2.18,1200,1,1727205384,no_matching_treebank,,0,20,standard_fixed_lag,9.208538774809645,1.997017096115277,3.911973456478475,9.601028885687777,0.1041555037388437,10.79485,10.38,50675.0,"unicode_orthographic_heuristic_v2; approximate, not gold phonological annotation",0.5693716041911675,5.466553218529785,identified,0.9523100938028096,0.0667262130955955,1.5092469978538474,-1.2954192041498267,False,2.1954607708195395,20,20,1.0,20.0,0.1041555037388437,2.083110074776876,nonlinear_exponential_least_squares_positive_prefix,4.153731549462771,6.271258944041361,138,parametric_residual_positive_prefix,,,,,,,,,,,,,,,,,,,,,,,,,,,,held-out character-level interpolated Kneser-Ney,99301,19991,16646,100000,20000,Unicode character excluding whitespace as eligible target; whitespace retained inside context stream,0.8,FLEURS num_samples at 16 kHz
Slovenian,sl_si,sl,slv,Eastern Europe,2026-09-16-hf-fleurs-ud-v1,main,2.18,1200,1,1746405673,loaded,sl_ssj,3738504,20,standard_fixed_lag,10.658104159230165,1.7370106056550387,3.841960163387277,9.24096901176709,0.1082137596962655,11.02085,10.56,50810.0,"unicode_orthographic_heuristic_v2; approximate, not gold phonological annotation",0.4138830551267579,3.82468048692186,identified,0.9545252078715336,0.0575121407163444,1.444091222584437,-3.1732729245378426,False,1.564971504647984,20,20,1.0,20.0,0.1082137596962655,2.1642751939253104,nonlinear_exponential_least_squares_positive_prefix,3.078349587683833,4.221440860740487,124,parametric_residual_positive_prefix,85164.0,26573.0,5.105701939786765,5.0,0.3120215114367573,514986.0,102.9972,2.3758168116536127,2.5209734201908653,3.199041696547247,0.1451566085372526,0.8232248848936341,0.1451566085372526,0.8232248848936341,0.8501039006611164,identified,koplenig_lz_longest_match_v6_ud_annotations,2.3758168116536127,519985.0,normalized_utterances_joined_by_single_spaces; Koplenig-style entropy-rate corpus,5000.0,100673.0,0.7421354285657524,2.4586035977868943,0.9614820819633184,3.685867486124612,Universal Dependencies 2.18 treebank,held-out character-level interpolated Kneser-Ney,97311,19970,16513,100000,20000,Unicode character excluding whitespace as eligible target; whitespace retained inside context stream,0.8,FLEURS num_samples at 16 kHz
Filipino,fil_ph,fil,fil,South/Southeast Asia,2026-09-16-hf-fleurs-ud-v1,main,2.18,1200,1,1757811255,no_matching_treebank,,0,20,standard_fixed_lag,7.245393727329117,1.7168232957400769,3.404930311742566,8.563547873570883,0.1167740304326708,14.625849999999998,14.16,59760.0,"unicode_orthographic_heuristic_v2; approximate, not gold phonological annotation",0.9085471645871492,7.780387139339136,identified,0.9386325626384642,0.0866222232448409,1.6802607247469632,0.054463435651646,False,3.7573002808904414,20,20,1.0,20.0,0.1167740304326708,2.335480608653417,nonlinear_exponential_least_squares_positive_prefix,5.744142833402636,10.161164063053976,120,parametric_residual_positive_prefix,,,,,,,,,,,,,,,,,,,,,,,,,,,,held-out character-level interpolated Kneser-Ney,99991,19972,17021,100000,20000,Unicode character excluding whitespace as eligible target; whitespace retained inside context stream,0.8,FLEURS num_samples at 16 kHz
Dutch,nl_nl,nl,nld,Western Europe,2026-09-16-hf-fleurs-ud-v1,main,2.18,1200,1,1761841308,loaded,nl_lassysmall,4245333,20,standard_fixed_lag,9.698439139185144,2.326519947096481,4.118725089619206,12.074566042598429,0.0828187113700031,9.31255,8.94,46027.0,"unicode_orthographic_heuristic_v2; approximate, not gold phonological annotation",0.4848312366940707,5.854126786977227,identified,0.9765168895659718,0.044465213939492,1.452516868994893,-1.680391154505508,False,1.8749767644485584,20,20,1.0,20.0,0.0828187113700031,1.6563742274000623,nonlinear_exponential_least_squares_positive_prefix,5.260533952555985,6.375174659908438,96,parametric_residual_positive_prefix,56251.0,12042.0,5.395121864500187,4.0,0.2140761942009919,354732.0,70.9464,1.9004696720086505,2.2214501726687432,2.348252930775056,0.3209805006600927,0.4477832587664052,0.3209805006600927,0.4477832587664052,0.582471862487969,identified,koplenig_lz_longest_match_v6_ud_annotations,1.9004696720086505,359731.0,normalized_utterances_joined_by_single_spaces; Koplenig-style entropy-rate corpus,5000.0,64619.0,0.5378913322706944,1.052523251675204,0.9833028823379332,3.330196749358426,Universal Dependencies 2.18 treebank,held-out character-level interpolated Kneser-Ney,99997,19979,16864,100000,20000,Unicode character excluding whitespace as eligible target; whitespace retained inside context stream,0.8,FLEURS num_samples at 16 kHz
Swedish,sv_se,sv,swe,Western Europe,2026-09-16-hf-fleurs-ud-v1,main,2.18,1200,1,1807088666,loaded,sv_talbanken,1244061,20,standard_fixed_lag,10.430284898202318,1.564900153609831,3.013459528076464,8.26212877624168,0.1210341822407281,12.4992,12.21,45199.0,"unicode_orthographic_heuristic_v2; approximate, not gold phonological annotation",0.4522046920097251,3.736173398605055,identified,0.9817073662515338,0.038803720602643,1.4574153848401687,-2.538425849755072,False,1.7798001137369994,20,20,1.0,20.0,0.1210341822407281,2.420683644814564,nonlinear_exponential_least_squares_positive_prefix,3.192664776322585,4.014509900663006,137,parametric_residual_positive_prefix,59855.0,12642.0,5.403859326706207,4.0,0.2112104251942193,378988.0,87.83035921205098,2.007222489177515,2.235674175396858,2.5836063599771606,0.2284516862193428,0.5763838707996456,0.2284516862193428,0.5763838707996456,0.7161511016418065,identified,koplenig_lz_longest_match_v6_ud_annotations,2.007222489177515,383302.0,normalized_utterances_joined_by_single_spaces; Koplenig-style entropy-rate corpus,4315.0,66646.0,0.654322840080425,2.3019836149206254,0.976654291289871,3.2201472782403617,Universal Dependencies 2.18 treebank,held-out character-level interpolated Kneser-Ney,99246,19994,16545,100000,20000,Unicode character excluding whitespace as eligible target; whitespace retained inside context stream,0.8,FLEURS num_samples at 16 kHz
Telugu,te_in,te,tel,South Asia,2026-09-16-hf-fleurs-ud-v1,main,2.18,1200,1,1807847353,loaded,te_mtg,139373,20,standard_fixed_lag,11.43827487075854,1.2640959009929886,1.2782202515071552,8.283831166483921,0.1207170909090909,12.44895,11.88,19095.0,"unicode_orthographic_heuristic_v2; approximate, not gold phonological annotation",0.5724039481013141,4.74169766510011,identified,0.9894397158685954,0.043949282138995,1.6453989159252664,-1.6828344735130636,False,3.110936087819812,20,20,1.0,20.0,0.1207170909090909,2.414341818181818,nonlinear_exponential_least_squares_positive_prefix,4.359800220132166,5.040399467482693,136,parametric_residual_positive_prefix,3931.0,1732.0,5.728567794454337,5.0,0.4406003561434749,25399.0,24.16650808753568,2.007255255594396,2.155527587072223,2.809046451998344,0.1482723314778269,0.8017911964039479,0.1482723314778269,0.8017911964039479,0.8439342979427815,identified,koplenig_lz_longest_match_v6_ud_annotations,2.007255255594396,26449.0,normalized_utterances_joined_by_single_spaces; Koplenig-style entropy-rate corpus,1051.0,5082.0,0.0137741046831955,0.0137741046831955,0.9030492231702728,1.5229471595137682,Universal Dependencies 2.18 treebank,held-out character-level interpolated Kneser-Ney,99239,19992,16378,100000,20000,Unicode character excluding whitespace as eligible target; whitespace retained inside context stream,0.8,FLEURS num_samples at 16 kHz
Korean,ko_kr,ko,kor,CJK,2026-09-16-hf-fleurs-ud-v1,main,2.18,1200,1,1814793938,loaded,ko_kaist,11589787,10,low_resource_fixed_lag,10.290261754626004,1.1663343416301375,0.0002663928148529,3.653777250320005,0.2736893717077082,12.512849999999998,12.15,4.0,"unicode_orthographic_heuristic_v2; approximate, not gold phonological annotation",0.6933363619501605,2.533296626113133,identified,0.9919733576162209,0.0597500883753162,1.354106300351316,0.629110768358722,False,4.437166651640935,10,10,1.0,10.0,0.2736893717077082,2.7368937170770824,nonlinear_exponential_least_squares_positive_prefix,2.232391066140945,2.664180820568332,161,parametric_residual_positive_prefix,51587.0,23179.0,3.0510981448814625,3.0,0.4493186267858181,203984.0,40.7968,3.4463890955349425,3.804586035756724,4.393518104860819,0.3581969402217817,0.9471290093258764,0.3581969402217817,0.9471290093258764,0.7255881258271853,identified,koplenig_lz_longest_match_v6_ud_annotations,3.4463890955349425,208983.0,normalized_utterances_joined_by_single_spaces; Koplenig-style entropy-rate corpus,5000.0,57801.0,0.0,0.0,0.8150607405402649,2.284729455881517,Universal Dependencies 2.18 treebank,held-out character-level interpolated Kneser-Ney,43840,11023,8947,100000,20000,Unicode character excluding whitespace as eligible target; whitespace retained inside context stream,0.8,FLEURS num_samples at 16 kHz
Russian,ru_ru,ru,rus,Eastern Europe,2026-09-16-hf-fleurs-ud-v1,main,2.18,1200,1,1828177825,loaded,ru_taiga,29904735,20,standard_fixed_lag,9.727093908029124,1.689846069750619,1.703511594157691,10.2013139698794,0.0980265878447246,11.22045,10.5,22937.0,"unicode_orthographic_heuristic_v2; approximate, not gold phonological annotation",0.5749451912687354,5.865196411604735,identified,0.971915631004774,0.0598408341063849,1.666516011445086,-2.023829952114524,False,2.5905444697754354,20,20,1.0,20.0,0.0980265878447246,1.960531756894493,nonlinear_exponential_least_squares_positive_prefix,5.317021633598223,6.694832336639628,121,parametric_residual_positive_prefix,52642.0,19748.0,5.377645226245203,5.0,0.3751377227308993,330732.0,66.1464,2.424676667372165,2.586405890345375,3.3386945750092587,0.1617292229732099,0.9140179076370938,0.1617292229732099,0.9140179076370938,0.8496586991763984,identified,koplenig_lz_longest_match_v6_ud_annotations,2.424676667372165,335731.0,normalized_utterances_joined_by_single_spaces; Koplenig-style entropy-rate corpus,5000.0,64394.0,0.645991862595894,2.6372332826039693,0.9924824998486316,3.0796713472741355,Universal Dependencies 2.18 treebank,held-out character-level interpolated Kneser-Ney,99966,19987,16811,100000,20000,Unicode character excluding whitespace as eligible target; whitespace retained inside context stream,0.8,FLEURS num_samples at 16 kHz
Spanish (Latin America),es_419,es,spa,Latin America / Caribbean,2026-09-16-hf-fleurs-ud-v1,main,2.18,1200,1,1846159618,loaded,es_ancora,9199242,20,standard_fixed_lag,9.439125293034715,2.196224864334296,4.439310015536329,10.754288011896897,0.0929861650435392,11.274649999999998,10.92,60062.0,"unicode_orthographic_heuristic_v2; approximate, not gold phonological annotation",0.5750128817879746,6.183854141298703,identified,0.9629770787248516,0.0607795650751032,1.4936806342662614,-1.123063063000711,False,2.297184985798995,20,20,1.0,20.0,0.0929861650435392,1.859723300870784,nonlinear_exponential_least_squares_positive_prefix,4.781432370485766,7.100541404059172,129,parametric_residual_positive_prefix,147551.0,21287.0,4.874084214949408,4.0,0.1442687613096488,861727.0,172.3454,1.8520117107548868,2.214402967775249,2.250533052313443,0.3623912570203627,0.398521341558556,0.3623912570203627,0.398521341558556,0.5237412842195477,identified,koplenig_lz_longest_match_v6_ud_annotations,1.8520117107548868,866726.0,normalized_utterances_joined_by_single_spaces; Koplenig-style entropy-rate corpus,5000.0,170294.0,0.6952975442470081,1.826981573044265,0.9867214011307504,3.7110481929168633,Universal Dependencies 2.18 treebank,held-out character-level interpolated Kneser-Ney,99999,19983,17055,100000,20000,Unicode character excluding whitespace as eligible target; whitespace retained inside context stream,0.8,FLEURS num_samples at 16 kHz
Luxembourgish,lb_lu,lb,ltz,Western Europe,2026-09-16-hf-fleurs-ud-v1,main,2.18,1200,1,1874579331,no_matching_treebank,,0,20,standard_fixed_lag,9.77290916467103,1.752404788053046,3.113393413943632,9.448899288635271,0.1058324329059953,12.080066666666667,11.37,45132.0,"unicode_orthographic_heuristic_v2; approximate, not gold phonological annotation",0.49984317724139,4.722967841865365,identified,0.9808244827829552,0.0426830924275285,1.551877572964494,-2.312092093847365,False,2.034196406256635,20,20,1.0,20.0,0.1058324329059953,2.1166486581199075,nonlinear_exponential_least_squares_positive_prefix,4.053887326296547,5.079301527647332,128,parametric_residual_positive_prefix,,,,,,,,,,,,,,,,,,,,,,,,,,,,held-out character-level interpolated Kneser-Ney,99978,19987,16842,100000,20000,Unicode character excluding whitespace as eligible target; whitespace retained inside context stream,0.8,FLEURS num_samples at 16 kHz
Kannada,kn_in,kn,kan,South Asia,2026-09-16-hf-fleurs-ud-v1,main,2.18,1200,1,1884413540,no_matching_treebank,,0,20,standard_fixed_lag,8.969437727357008,1.2638004349032437,1.2668976686863211,9.060505752466495,0.1103691148507659,12.91475,12.66,19634.0,"unicode_orthographic_heuristic_v2; approximate, not gold phonological annotation",0.6317988976097205,5.724417546194863,identified,0.9986785499522092,0.0152544008385226,1.767004795239488,-0.739448286413739,False,3.280310878011576,20,20,1.0,20.0,0.1103691148507659,2.2073822970153185,nonlinear_exponential_least_squares_positive_prefix,,,21,parametric_residual_positive_prefix,,,,,,,,,,,,,,,,,,,,,,,,,,,,held-out character-level interpolated Kneser-Ney,99981,19992,16909,100000,20000,Unicode character excluding whitespace as eligible target; whitespace retained inside context stream,0.8,FLEURS num_samples at 16 kHz
Turkish,tr_tr,tr,tur,Central Asia / Middle East / North Africa,2026-09-16-hf-fleurs-ud-v1,main,2.18,1200,1,1895046561,loaded,tr_penn,2708613,20,standard_fixed_lag,10.260936668155946,1.4284982847780452,3.393607882625342,9.0972897786425,0.1099228478296555,11.7186,11.22,47722.0,"unicode_orthographic_heuristic_v2; approximate, not gold phonological annotation",0.4880924371056811,4.44031833911422,identified,0.9817881805574252,0.0431716253974865,1.5188603456373704,-2.028209266372036,False,2.076137629373,20,20,1.0,20.0,0.1099228478296555,2.1984569565931102,nonlinear_exponential_least_squares_positive_prefix,3.824235551646305,4.671719732934622,85,parametric_residual_positive_prefix,40556.0,13334.0,5.976772857283756,6.0,0.3287799585757964,277950.0,55.59,1.9586817896692887,2.346735792358111,2.576893152569524,0.3880540026888222,0.618211362900235,0.3880540026888222,0.618211362900235,0.6143621593677137,identified,koplenig_lz_longest_match_v6_ud_annotations,1.9586817896692887,282949.0,normalized_utterances_joined_by_single_spaces; Koplenig-style entropy-rate corpus,5000.0,45992.0,0.6659201600278309,2.192750913202296,0.7709646492582846,2.292569281811085,Universal Dependencies 2.18 treebank,held-out character-level interpolated Kneser-Ney,99994,19997,16581,100000,20000,Unicode character excluding whitespace as eligible target; whitespace retained inside context stream,0.8,FLEURS num_samples at 16 kHz
Czech,cs_cz,cs,ces,Eastern Europe,2026-09-16-hf-fleurs-ud-v1,main,2.18,1200,1,1898243051,loaded,cs_pdtc,73392108,20,standard_fixed_lag,10.017731978841246,1.7080419335725183,3.71001077732004,9.419035577597482,0.1061679820361258,10.71695,10.2,47712.0,"unicode_orthographic_heuristic_v2; approximate, not gold phonological annotation",0.4313578669716251,4.062975095682299,identified,0.9827825364648876,0.0383495614298501,1.6040653017803497,-4.003722552168052,False,1.7448705869492824,20,20,1.0,20.0,0.1061679820361258,2.123359640722517,nonlinear_exponential_least_squares_positive_prefix,3.6410777824691896,4.365950719376909,54,parametric_residual_positive_prefix,64689.0,17885.0,5.3559801511849,5.0,0.2764766807339733,406162.0,81.2324,2.134199888226798,2.494460240308475,2.683269235626291,0.3602603520816769,0.549069347399493,0.3602603520816769,0.549069347399493,0.6038176776946489,identified,koplenig_lz_longest_match_v6_ud_annotations,2.134199888226798,411161.0,normalized_utterances_joined_by_single_spaces; Koplenig-style entropy-rate corpus,5000.0,78079.0,0.7439644462659614,3.052882337120096,0.9919872430375964,3.331367424294257,Universal Dependencies 2.18 treebank,held-out character-level interpolated Kneser-Ney,96869,19995,16393,100000,20000,Unicode character excluding whitespace as eligible target; whitespace retained inside context stream,0.8,FLEURS num_samples at 16 kHz
Tajik,tg_tj,tg,tgk,Central Asia / Middle East / North Africa,2026-09-16-hf-fleurs-ud-v1,main,2.18,1200,1,1928542558,no_matching_treebank,,0,20,standard_fixed_lag,10.930600963116994,1.5622397963148682,1.5727867190188771,8.494220163002382,0.1177271110013868,13.51105,13.2,25500.0,"unicode_orthographic_heuristic_v2; approximate, not gold phonological annotation",0.5696824353917226,4.839008029212672,identified,0.956490173424219,0.078809319506551,1.5333285965299737,-1.201669881196564,False,2.712179401060117,20,20,1.0,20.0,0.1177271110013868,2.3545422200277377,nonlinear_exponential_least_squares_positive_prefix,3.7889263909214943,5.518328830595799,126,parametric_residual_positive_prefix,,,,,,,,,,,,,,,,,,,,,,,,,,,,held-out character-level interpolated Kneser-Ney,99985,19976,16889,100000,20000,Unicode character excluding whitespace as eligible target; whitespace retained inside context stream,0.8,FLEURS num_samples at 16 kHz
Thai,th_th,th,tha,South/Southeast Asia,2026-09-16-hf-fleurs-ud-v1,main,2.18,1200,1,1952465225,loaded,th_tud,717129,20,standard_fixed_lag,10.22433336306164,0.3450828213143617,0.3734684344795372,9.7885810786533,0.1021598525838209,11.59625,11.1,5197.0,"unicode_orthographic_heuristic_v2; approximate, not gold phonological annotation",0.5406037682853275,5.29174381728643,identified,0.9968635548273054,0.0240786298806536,1.926490010130172,-3.7590953705473726,False,2.9755149698672594,20,20,1.0,20.0,0.1021598525838209,2.043197051676419,nonlinear_exponential_least_squares_positive_prefix,,,10,parametric_residual_positive_prefix,10019.0,7936.0,24.6415809961074,18.0,0.7920950194630203,254001.0,87.526188835286,2.289066502491686,2.384845370788113,4.812679849026325,0.0957788682964273,2.523613346534639,0.0957788682964273,2.523613346534639,0.963434697654622,identified,koplenig_lz_longest_match_v6_ud_annotations,2.289066502491686,256902.0,normalized_utterances_joined_by_single_spaces; Koplenig-style entropy-rate corpus,2902.0,62011.0,0.0050152392317492,0.0050152392317492,0.9375811473691282,2.485171462890592,Universal Dependencies 2.18 treebank,held-out character-level interpolated Kneser-Ney,99972,19974,16466,100000,20000,Unicode character excluding whitespace as eligible target; whitespace retained inside context stream,0.8,FLEURS num_samples at 16 kHz
Tamil,ta_in,ta,tam,South Asia,2026-09-16-hf-fleurs-ud-v1,main,2.18,1200,1,1987505182,loaded,ta_ttb,263955,20,standard_fixed_lag,7.734254703572611,1.2282941548195403,1.231755041037138,9.657923442633248,0.1035419265787168,13.00245,12.36,19219.0,"unicode_orthographic_heuristic_v2; approximate, not gold phonological annotation",0.927763596876372,8.960269791494056,identified,0.9957427704410456,0.0312423005508779,1.8709309783980064,0.2541879802592088,False,5.33061364468653,20,20,1.0,20.0,0.1035419265787168,2.0708385315743367,nonlinear_exponential_least_squares_positive_prefix,8.253823734489371,9.299730610262964,134,parametric_residual_positive_prefix,5165.0,2705.0,7.85188770571152,7.0,0.5237173281703775,45320.0,113.3,1.6748309538191068,2.002855563865316,2.513286346904633,0.3280246100462092,0.8384553930855261,0.3280246100462092,0.8384553930855261,0.7187910558556193,identified,koplenig_lz_longest_match_v6_ud_annotations,1.6748309538191068,45719.0,normalized_utterances_joined_by_single_spaces; Koplenig-style entropy-rate corpus,400.0,6329.0,0.8702796650339706,3.313477642597567,0.8258440556401092,2.5950413223140494,Universal Dependencies 2.18 treebank,held-out character-level interpolated Kneser-Ney,100000,19978,17045,100000,20000,Unicode character excluding whitespace as eligible target; whitespace retained inside context stream,0.8,FLEURS num_samples at 16 kHz
Finnish,fi_fi,fi,fin,Western Europe,2026-09-16-hf-fleurs-ud-v1,main,2.18,1200,1,1988967430,loaded,fi_tdt,3412203,20,standard_fixed_lag,8.808560817992852,1.3084683713749288,3.697241075514385,9.833506541272673,0.1016931239942591,11.69115,11.22,51870.0,"unicode_orthographic_heuristic_v2; approximate, not gold phonological annotation",0.5151617522160551,5.065846460230069,identified,0.954377549260356,0.0619695928518944,1.6223664902739363,-2.5537687668922846,False,1.9303419326215552,20,20,1.0,20.0,0.1016931239942591,2.0338624798851828,nonlinear_exponential_least_squares_positive_prefix,4.022439370951654,5.7892989790088665,138,parametric_residual_positive_prefix,54153.0,21522.0,6.846896755489078,6.0,0.3974295052905656,419933.0,83.9866,2.188162476765536,2.2888845117291616,3.257075184408269,0.1007220349636259,1.0689127076427334,0.1007220349636259,1.0689127076427334,0.9138859070318126,identified,koplenig_lz_longest_match_v6_ud_annotations,2.188162476765536,424932.0,normalized_utterances_joined_by_single_spaces; Koplenig-style entropy-rate corpus,5000.0,64095.0,0.6826741555503549,2.3467353147671424,0.9901174927014244,3.1227684237245112,Universal Dependencies 2.18 treebank,held-out character-level interpolated Kneser-Ney,100000,19987,16709,100000,20000,Unicode character excluding whitespace as eligible target; whitespace retained inside context stream,0.8,FLEURS num_samples at 16 kHz
Italian,it_it,it,ita,Western Europe,2026-09-16-hf-fleurs-ud-v1,main,2.18,1200,1,2036028388,loaded,it_isdt,4368800,20,standard_fixed_lag,8.39993279592276,2.195438399527417,4.816062252284434,11.258561312840309,0.0888212953869609,10.77765,10.38,62287.0,"unicode_orthographic_heuristic_v2; approximate, not gold phonological annotation",0.6001733528933706,6.757088491882955,identified,0.9634526088755324,0.0597544357545936,1.6718923216390802,-1.8951248162105965,False,2.338399838123425,20,20,1.0,20.0,0.0888212953869609,1.7764259077392195,nonlinear_exponential_least_squares_positive_prefix,5.549313418880207,7.073988764598964,137,parametric_residual_positive_prefix,85175.0,15755.0,5.034376284120928,5.0,0.1849721162312885,508978.0,101.7956,1.9436809410981248,2.2441224445576147,2.46663275993732,0.3004415034594898,0.5229518188391951,0.3004415034594898,0.5229518188391951,0.6351178770545032,identified,koplenig_lz_longest_match_v6_ud_annotations,1.9436809410981248,513977.0,normalized_utterances_joined_by_single_spaces; Koplenig-style entropy-rate corpus,5000.0,105572.0,0.6072159284658811,1.691395445762134,0.987503768793377,3.394085829057789,Universal Dependencies 2.18 treebank,held-out character-level interpolated Kneser-Ney,99977,19988,17004,100000,20000,Unicode character excluding whitespace as eligible target; whitespace retained inside context stream,0.8,FLEURS num_samples at 16 kHz
Gujarati,gu_in,gu,guj,South Asia,2026-09-16-hf-fleurs-ud-v1,main,2.18,1200,1,2067372281,no_matching_treebank,,0,20,standard_fixed_lag,9.225792698897587,1.957899957648749,1.959993365507402,9.552944700215944,0.1046797643429669,10.34995,9.9,24343.0,"unicode_orthographic_heuristic_v2; approximate, not gold phonological annotation",0.5980859041118722,5.713481567959371,identified,0.994133948818949,0.0282913760491707,1.7157175765882748,-1.7493132141349317,False,2.779048514429217,20,20,1.0,20.0,0.1046797643429669,2.0935952868593386,nonlinear_exponential_least_squares_positive_prefix,5.200805612435708,5.95270927094715,139,parametric_residual_positive_prefix,,,,,,,,,,,,,,,,,,,,,,,,,,,,held-out character-level interpolated Kneser-Ney,94441,19945,16418,100000,20000,Unicode character excluding whitespace as eligible target; whitespace retained inside context stream,0.8,FLEURS num_samples at 16 kHz
Vietnamese,vi_vn,vi,vie,South/Southeast Asia,2026-09-16-hf-fleurs-ud-v1,main,2.18,1200,1,2073226755,loaded,vi_vtb,381898,20,standard_fixed_lag,10.244612079332445,2.664278704910512,2.852794006398279,9.194716102943634,0.1087581159444233,10.9717,10.47,37560.0,"unicode_orthographic_heuristic_v2; approximate, not gold phonological annotation",1.1188520028369358,10.287526527295508,identified,0.9758127026133072,0.077775716409383,1.5663734441641393,0.366463225855259,False,6.921712169531865,20,20,1.0,20.0,0.1087581159444233,2.175162318888467,nonlinear_exponential_least_squares_positive_prefix,8.265502208505199,11.464352135402146,132,parametric_residual_positive_prefix,22002.0,2817.0,3.308790109990001,3.0,0.1280338151077174,93402.0,66.71571428571428,2.162571057666961,2.533827127373854,2.4742486119399905,0.3712560697068934,0.3116775542730297,0.3712560697068934,0.3116775542730297,0.4563804494742411,identified,koplenig_lz_longest_match_v6_ud_annotations,2.162571057666961,94801.0,normalized_utterances_joined_by_single_spaces; Koplenig-style entropy-rate corpus,1400.0,20215.0,0.0,0.0,0.9859562375515796,2.7714589423332447,Universal Dependencies 2.18 treebank,held-out character-level interpolated Kneser-Ney,97203,19988,16652,100000,20000,Unicode character excluding whitespace as eligible target; whitespace retained inside context stream,0.8,FLEURS num_samples at 16 kHz
Polish,pl_pl,pl,pol,Eastern Europe,2026-09-16-hf-fleurs-ud-v1,main,2.18,1200,1,2084221264,loaded,pl_pdb,6110709,20,standard_fixed_lag,9.790744060820176,1.5874281838378788,3.650876451771442,9.532185424372804,0.1049077368389314,11.5979,11.13,50811.0,"unicode_orthographic_heuristic_v2; approximate, not gold phonological annotation",0.4998216582711093,4.764392725757713,identified,0.970143423785916,0.0538038121358139,1.602266820878759,-2.774119445556724,False,2.044810807928682,20,20,1.0,20.0,0.1049077368389314,2.0981547367786284,nonlinear_exponential_least_squares_positive_prefix,4.267222704947871,5.241001939772042,116,parametric_residual_positive_prefix,44148.0,14914.0,5.695025822234303,6.0,0.3378182477122406,290572.0,58.1144,2.0589218097651245,2.3692495973061125,2.64672358630064,0.310327787540988,0.5878017765355148,0.310327787540988,0.5878017765355148,0.6544732520189546,identified,koplenig_lz_longest_match_v6_ud_annotations,2.0589218097651245,295571.0,normalized_utterances_joined_by_single_spaces; Koplenig-style entropy-rate corpus,5000.0,52872.0,0.9467582085035556,3.232296867907399,0.9999129113362808,2.65161263368984,Universal Dependencies 2.18 treebank,held-out character-level interpolated Kneser-Ney,99982,20000,16809,100000,20000,Unicode character excluding whitespace as eligible target; whitespace retained inside context stream,0.8,FLEURS num_samples at 16 kHz
Indonesian,id_id,id,ind,South/Southeast Asia,2026-09-16-hf-fleurs-ud-v1,main,2.18,1200,1,2088548256,loaded,id_gsd,2302664,20,standard_fixed_lag,8.501567702283872,1.5216568754356268,3.611470676092801,9.077898370340868,0.1101576553519458,12.55375,12.0,54405.0,"unicode_orthographic_heuristic_v2; approximate, not gold phonological annotation",0.722974840192926,6.563092123584813,identified,0.9221663974712572,0.0921155859661667,1.5109733327987631,-0.2047562423202007,False,2.8419936369210594,20,20,1.0,20.0,0.1101576553519458,2.2031531070389168,nonlinear_exponential_least_squares_positive_prefix,4.777573896496814,8.854907188734265,134,parametric_residual_positive_prefix,82878.0,19015.0,5.889210646975072,6.0,0.2294336253287965,566483.0,126.41887971434949,1.9308035938965955,2.220596246598008,2.473159999238154,0.2897926527014125,0.5423564053415586,0.2897926527014125,0.5423564053415586,0.6517539136763068,identified,koplenig_lz_longest_match_v6_ud_annotations,1.9308035938965955,570963.0,normalized_utterances_joined_by_single_spaces; Koplenig-style entropy-rate corpus,4481.0,97599.0,0.3965409481654525,0.4592670006864824,0.9675954190417642,3.117173908374321,Universal Dependencies 2.18 treebank,held-out character-level interpolated Kneser-Ney,99991,19990,16733,100000,20000,Unicode character excluding whitespace as eligible target; whitespace retained inside context stream,0.8,FLEURS num_samples at 16 kHz
Kyrgyz,ky_kg,ky,kir,Central Asia / Middle East / North Africa,2026-09-16-hf-fleurs-ud-v1,main,2.18,1200,1,2116042903,loaded,ky_ktmu,265640,20,standard_fixed_lag,10.183900375657064,1.4192999479672053,1.4306909111364243,9.223516010631569,0.108418524871355,11.8515,11.34,20347.0,"unicode_orthographic_heuristic_v2; approximate, not gold phonological annotation",0.6310826982736453,5.820801371559536,identified,0.975719242811666,0.062578683095923,1.6474127495662287,-1.2053244762125614,False,3.1375409190625887,20,20,1.0,20.0,0.108418524871355,2.168370497427101,nonlinear_exponential_least_squares_positive_prefix,4.735721555715914,6.409472793294497,138,parametric_residual_positive_prefix,10866.0,4257.0,6.837014540769372,6.0,0.3917725013804528,83849.0,64.10474006116208,1.6009412779060794,2.0970903993083048,2.1274603876783766,0.4961491214022253,0.5265191097722972,0.4961491214022253,0.5265191097722972,0.5148484070611993,identified,koplenig_lz_longest_match_v6_ud_annotations,1.6009412779060794,85156.0,normalized_utterances_joined_by_single_spaces; Koplenig-style entropy-rate corpus,1308.0,12357.0,0.758355587925872,2.6353483855304685,0.7598732289719119,1.925332609285908,Universal Dependencies 2.18 treebank,held-out character-level interpolated Kneser-Ney,99992,19993,16445,100000,20000,Unicode character excluding whitespace as eligible target; whitespace retained inside context stream,0.8,FLEURS num_samples at 16 kHz
Azerbaijani,az_az,az,aze,Central Asia / Middle East / North Africa,2026-09-16-hf-fleurs-ud-v1,main,2.18,1200,1,2121760410,no_matching_treebank,,0,20,standard_fixed_lag,7.811279539192296,1.4826442348815327,2.8236864896073905,9.300623877341543,0.1075196689155691,12.4704,12.0,42255.0,"unicode_orthographic_heuristic_v2; approximate, not gold phonological annotation",0.5082858159728887,4.727375196551479,identified,0.9897689976860492,0.0327057273510969,1.927687501255764,-3.3470205075246007,False,2.1295316173336154,20,20,1.0,20.0,0.1075196689155691,2.150393378311384,nonlinear_exponential_least_squares_positive_prefix,,,3,parametric_residual_positive_prefix,,,,,,,,,,,,,,,,,,,,,,,,,,,,held-out character-level interpolated Kneser-Ney,99998,19996,16799,100000,20000,Unicode character excluding whitespace as eligible target; whitespace retained inside context stream,0.8,FLEURS num_samples at 16 kHz
Hungarian,hu_hu,hu,hun,Western Europe,2026-09-16-hf-fleurs-ud-v1,main,2.18,1200,1,2127391735,loaded,hu_szeged,382441,20,standard_fixed_lag,9.124908866915815,1.6924682715591088,4.138559821565865,10.283960032493404,0.0972388065337068,10.730383333333332,10.32,53290.0,"unicode_orthographic_heuristic_v2; approximate, not gold phonological annotation",0.4402747995696059,4.527768442087871,identified,0.975689835903129,0.0469949549124407,1.7304159688377647,-4.129758875727189,False,1.8012187284371997,20,20,1.0,20.0,0.0972388065337068,1.9447761306741376,nonlinear_exponential_least_squares_positive_prefix,,,8,parametric_residual_positive_prefix,17557.0,7711.0,6.086290368513983,6.0,0.43919804066754,123504.0,135.71868131868132,2.25671645792281,2.468952115213016,3.132618876645848,0.212235657290206,0.875902418723038,0.212235657290206,0.875902418723038,0.8049552148126257,identified,koplenig_lz_longest_match_v6_ud_annotations,2.25671645792281,124413.0,normalized_utterances_joined_by_single_spaces; Koplenig-style entropy-rate corpus,910.0,20166.0,0.7274124764455023,2.228949717346028,0.8955354603618269,3.752908184461986,Universal Dependencies 2.18 treebank,held-out character-level interpolated Kneser-Ney,99951,19963,16671,100000,20000,Unicode character excluding whitespace as eligible target; whitespace retained inside context stream,0.8,FLEURS num_samples at 16 kHz
Bulgarian,bg_bg,bg,bul,Eastern Europe,2026-09-16-hf-fleurs-ud-v1,main,2.18,1200,1,2157177319,loaded,bg_btb,2471710,20,standard_fixed_lag,10.891560055387362,1.808834867335234,1.81802007437848,9.49757640718095,0.1052900189614602,11.52215,10.86,25137.0,"unicode_orthographic_heuristic_v2; approximate, not gold phonological annotation",0.5761382643338216,5.471917186611087,identified,0.958289624773676,0.0728171443258564,1.4860941902626923,-1.2221511558796871,False,2.5962239549198265,20,20,1.0,20.0,0.1052900189614602,2.1058003792292053,nonlinear_exponential_least_squares_positive_prefix,4.316025116485293,6.275578766536589,133,parametric_residual_positive_prefix,56584.0,15573.0,5.120405061501485,5.0,0.2752191432206984,341317.0,68.2634,2.0369893089715783,2.354790198066319,2.6960555215630624,0.3178008890947406,0.6590662125914841,0.3178008890947406,0.6590662125914841,0.6746733628902368,identified,koplenig_lz_longest_match_v6_ud_annotations,2.0369893089715783,346316.0,normalized_utterances_joined_by_single_spaces; Koplenig-style entropy-rate corpus,5000.0,65545.0,0.6426882294606758,2.559112060416508,0.9841259879955254,2.9239078371459244,Universal Dependencies 2.18 treebank,held-out character-level interpolated Kneser-Ney,99994,19995,16787,100000,20000,Unicode character excluding whitespace as eligible target; whitespace retained inside context stream,0.8,FLEURS num_samples at 16 kHz
Belarusian,be_by,be,bel,Eastern Europe,2026-09-16-hf-fleurs-ud-v1,main,2.18,1200,1,2158464121,loaded,be_hse,6215172,20,standard_fixed_lag,10.36272262749556,1.4595049679693572,1.4610552224495927,8.34949175503117,0.1197677690258725,13.976200000000002,13.56,24504.0,"unicode_orthographic_heuristic_v2; approximate, not gold phonological annotation",0.5307937087250851,4.431857694622515,identified,0.96336509239377,0.0642488294387145,1.5863124526629968,-2.3347631941365936,False,2.298567116219664,20,20,1.0,20.0,0.1197677690258725,2.39535538051745,nonlinear_exponential_least_squares_positive_prefix,3.700759971551973,5.581110104035991,125,parametric_residual_positive_prefix,60962.0,19876.0,5.498589285128441,5.0,0.3260391719431777,391167.0,78.2334,2.122624275820443,2.536014562789213,2.723054771622043,0.4133902869687702,0.6004304958016,0.4133902869687702,0.6004304958016,0.5922452034972705,identified,koplenig_lz_longest_match_v6_ud_annotations,2.122624275820443,396166.0,normalized_utterances_joined_by_single_spaces; Koplenig-style entropy-rate corpus,5000.0,68095.0,0.6129671782069168,2.5381892943681623,0.9979129546539952,3.104350582455028,Universal Dependencies 2.18 treebank,held-out character-level interpolated Kneser-Ney,99990,19996,16731,100000,20000,Unicode character excluding whitespace as eligible target; whitespace retained inside context stream,0.8,FLEURS num_samples at 16 kHz
Mongolian,mn_mn,mn,mon,Central Asia / Middle East / North Africa,2026-09-16-hf-fleurs-ud-v1,main,2.18,1200,1,2180198517,no_matching_treebank,,0,20,standard_fixed_lag,9.89426260140575,1.4892867914221843,1.4902576011163016,8.716964964125346,0.1147188274950626,12.87585,12.18,23026.0,"unicode_orthographic_heuristic_v2; approximate, not gold phonological annotation",0.5256843901878803,4.58237241145535,identified,0.9939539239651058,0.026989329305349,1.6635215717136382,-2.5384046732466827,False,2.376277231676212,20,20,1.0,20.0,0.1147188274950626,2.294376549901252,nonlinear_exponential_least_squares_positive_prefix,4.164159685584516,4.933277717863848,154,parametric_residual_positive_prefix,,,,,,,,,,,,,,,,,,,,,,,,,,,,held-out character-level interpolated Kneser-Ney,99994,19970,16663,100000,20000,Unicode character excluding whitespace as eligible target; whitespace retained inside context stream,0.8,FLEURS num_samples at 16 kHz
Hebrew,he_il,he,heb,Central Asia / Middle East / North Africa,2026-09-16-hf-fleurs-ud-v1,main,2.18,1200,1,2180995846,loaded,he_htb,2001720,10,low_resource_fixed_lag,8.433604311049761,1.630416608943645,1.6391745846729056,7.504948256287032,0.1332454223334959,10.46665,9.9,20588.0,"unicode_orthographic_heuristic_v2; approximate, not gold phonological annotation",0.5573102199312034,4.182584363283628,identified,0.9118134307067316,0.1057154086615894,0.731992692965683,0.898209571506769,False,2.0570898396310886,10,10,1.0,10.0,0.1332454223334959,1.33245422333496,nonlinear_exponential_least_squares_positive_prefix,2.7353735843106097,4.696734115431429,142,parametric_residual_positive_prefix,80873.0,24749.0,4.518677432517651,5.0,0.3060230237532922,441312.0,88.2624,2.4461599864750467,2.703301167682836,2.948509895000304,0.257141181207789,0.5023499085252574,0.257141181207789,0.5023499085252574,0.661429627438853,identified,koplenig_lz_longest_match_v6_ud_annotations,2.4461599864750467,446311.0,normalized_utterances_joined_by_single_spaces; Koplenig-style entropy-rate corpus,5000.0,132613.0,0.5905605031180955,1.522920075709018,0.9992851249935196,3.567959377179441,Universal Dependencies 2.18 treebank,held-out character-level interpolated Kneser-Ney,75271,18991,16753,100000,20000,Unicode character excluding whitespace as eligible target; whitespace retained inside context stream,0.8,FLEURS num_samples at 16 kHz
Malay,ms_my,ms,msa,South/Southeast Asia,2026-09-16-hf-fleurs-ud-v1,main,2.18,1200,1,2184748526,no_matching_treebank,,0,20,standard_fixed_lag,8.262647131609935,1.514434484233142,3.61018548938012,9.104532678358185,0.1098354012586541,12.784199999999998,12.06,55384.0,"unicode_orthographic_heuristic_v2; approximate, not gold phonological annotation",0.6912810896274929,6.293791270444561,identified,0.9362145564469766,0.0858097077941689,1.6298519205212605,-0.5272164202955663,False,2.817211015524604,20,20,1.0,20.0,0.1098354012586541,2.196708025173083,nonlinear_exponential_least_squares_positive_prefix,4.702391415739195,7.851784029493602,125,parametric_residual_positive_prefix,,,,,,,,,,,,,,,,,,,,,,,,,,,,held-out character-level interpolated Kneser-Ney,99960,19972,16658,100000,20000,Unicode character excluding whitespace as eligible target; whitespace retained inside context stream,0.8,FLEURS num_samples at 16 kHz
Lithuanian,lt_lt,lt,lit,Eastern Europe,2026-09-16-hf-fleurs-ud-v1,main,2.18,1200,1,2185979466,loaded,lt_alksnis,987175,20,standard_fixed_lag,10.852392176861214,1.414344046551994,3.5852291319874228,8.947173730561838,0.1117671378822332,11.7145,11.16,50399.0,"unicode_orthographic_heuristic_v2; approximate, not gold phonological annotation",0.4368525183859503,3.908595376632557,identified,0.9685136501817372,0.0525424198730468,1.5406172975857657,-3.798607429647904,False,1.7836573872542278,20,20,1.0,20.0,0.1117671378822332,2.2353427576446645,nonlinear_exponential_least_squares_positive_prefix,3.258691349118004,4.275288058090351,155,parametric_residual_positive_prefix,39095.0,13454.0,6.568435861363346,7.0,0.344136078782453,293547.0,125.39384878257157,1.7370906677805884,2.237633094575328,2.274112261429868,0.5005424267947398,0.5370215936492793,0.5005424267947398,0.5370215936492793,0.5175792366233596,identified,koplenig_lz_longest_match_v6_ud_annotations,1.7370906677805884,295887.0,normalized_utterances_joined_by_single_spaces; Koplenig-style entropy-rate corpus,2341.0,47641.0,0.7325622887848702,2.689532125690057,0.957415997379951,3.715849889624724,Universal Dependencies 2.18 treebank,held-out character-level interpolated Kneser-Ney,99935,19991,16521,100000,20000,Unicode character excluding whitespace as eligible target; whitespace retained inside context stream,0.8,FLEURS num_samples at 16 kHz
Mandarin Chinese,cmn_hans_cn,cmn,cmn,CJK,2026-09-16-hf-fleurs-ud-v1,main,2.18,1200,1,2214262858,no_matching_treebank,,0,10,low_resource_fixed_lag,15.694998614743035,3.209704635455233,3.1772606401557315,3.45311221741513,0.2895938321832362,10.736449999999998,10.17,40935.0,"unicode_orthographic_heuristic_v2; approximate, not gold phonological annotation",0.4231986330438061,1.4613523701569493,identified,0.692415343127079,0.4702079561664401,1.0033799982281868,0.4213927068991077,False,3.419630200839504,10,10,1.0,10.0,0.2895938321832362,2.8959383218323627,nonlinear_exponential_least_squares_positive_prefix,,,29,parametric_residual_positive_prefix,,,,,,,,,,,,,,,,,,,,,,,,,,,,held-out character-level interpolated Kneser-Ney,35305,9184,7727,100000,20000,Unicode character excluding whitespace as eligible target; whitespace retained inside context stream,0.8,FLEURS num_samples at 16 kHz
Luo,luo_ke,luo,luo,Sub-Saharan Africa,2026-09-16-hf-fleurs-ud-v1,main,2.18,1200,1,2242079153,no_matching_treebank,,0,20,standard_fixed_lag,9.116310258349795,1.6405418989842315,2.985529099601407,7.247898914098023,0.1379710191673453,14.2585,13.56,51083.0,"unicode_orthographic_heuristic_v2; approximate, not gold phonological annotation",0.6677780246918539,4.839987620022611,identified,0.9423265476983164,0.0732972007922558,1.362793198493529,-0.1690244952499462,False,2.493564708214006,20,20,1.0,20.0,0.1379710191673453,2.759420383346907,nonlinear_exponential_least_squares_positive_prefix,3.8452670870227807,5.457188848467104,131,parametric_residual_positive_prefix,,,,,,,,,,,,,,,,,,,,,,,,,,,,held-out character-level interpolated Kneser-Ney,99965,19994,16547,100000,20000,Unicode character excluding whitespace as eligible target; whitespace retained inside context stream,0.8,FLEURS num_samples at 16 kHz
Bosnian,bs_ba,bs,bos,Western Europe,2026-09-16-hf-fleurs-ud-v1,main,2.18,1200,1,2254246569,no_matching_treebank,,0,20,standard_fixed_lag,9.683258279753948,1.6869127531116874,3.91070642676158,9.079547251075684,0.110137650297654,11.70185,11.28,54915.0,"unicode_orthographic_heuristic_v2; approximate, not gold phonological annotation",0.4720160673467723,4.285692186741942,identified,0.9435493749477756,0.0631902309232297,1.4830981983465068,-2.725799822934228,False,1.6747648261180463,20,20,1.0,20.0,0.110137650297654,2.202753005953081,nonlinear_exponential_least_squares_positive_prefix,3.2646420626807884,4.836505980838208,125,parametric_residual_positive_prefix,,,,,,,,,,,,,,,,,,,,,,,,,,,,held-out character-level interpolated Kneser-Ney,99965,19982,16604,100000,20000,Unicode character excluding whitespace as eligible target; whitespace retained inside context stream,0.8,FLEURS num_samples at 16 kHz
Maltese,mt_mt,mt,mlt,Western Europe,2026-09-16-hf-fleurs-ud-v1,main,2.18,1200,1,2260846378,loaded,mt_mudt,269736,20,standard_fixed_lag,9.957304275811063,1.8421936506656995,3.502411564762941,9.129015356092056,0.1095408388520971,12.4055,11.91,52139.0,"unicode_orthographic_heuristic_v2; approximate, not gold phonological annotation",0.416524880766838,3.802462032714877,identified,0.972477586923854,0.0489077168213101,1.5428593402871966,-2.751463905182907,False,1.706179570206435,20,20,1.0,20.0,0.1095408388520971,2.1908167770419427,nonlinear_exponential_least_squares_positive_prefix,,,14,parametric_residual_positive_prefix,20250.0,5276.0,4.826320987654321,4.0,0.2605432098765432,116860.0,104.06055209260909,2.0434595183351294,2.396782390864304,2.508956037693612,0.3533228725291746,0.4654965193584828,0.3533228725291746,0.4654965193584828,0.5684971850573237,identified,koplenig_lz_longest_match_v6_ud_annotations,2.0434595183351294,117982.0,normalized_utterances_joined_by_single_spaces; Koplenig-style entropy-rate corpus,1123.0,22880.0,0.003277972027972,0.003277972027972,0.9999990475841096,3.37197223881969,Universal Dependencies 2.18 treebank,held-out character-level interpolated Kneser-Ney,99989,20000,16800,100000,20000,Unicode character excluding whitespace as eligible target; whitespace retained inside context stream,0.8,FLEURS num_samples at 16 kHz
Shona,sn_zw,sn,sna,Sub-Saharan Africa,2026-09-16-hf-fleurs-ud-v1,main,2.18,1200,1,2263401870,no_matching_treebank,,0,20,standard_fixed_lag,8.915894260134966,1.1364671034812623,3.492787948988353,8.262826386367696,0.1210239636221614,14.46075,13.92,60610.0,"unicode_orthographic_heuristic_v2; approximate, not gold phonological annotation",0.8845038718823375,7.308501931433771,identified,0.94057823599884,0.0881257537699071,1.4827176207584831,0.0756217844136477,False,3.815807674289798,20,20,1.0,20.0,0.1210239636221614,2.4204792724432296,nonlinear_exponential_least_squares_positive_prefix,5.376195611609888,9.14917726342156,121,parametric_residual_positive_prefix,,,,,,,,,,,,,,,,,,,,,,,,,,,,held-out character-level interpolated Kneser-Ney,99976,19989,16887,100000,20000,Unicode character excluding whitespace as eligible target; whitespace retained inside context stream,0.8,FLEURS num_samples at 16 kHz
Uzbek,uz_uz,uz,uzb,Central Asia / Middle East / North Africa,2026-09-16-hf-fleurs-ud-v1,main,2.18,1200,1,2267402337,loaded,uz_uzudt,109446,20,standard_fixed_lag,9.437959758709408,1.4375496986941816,3.8074845378038544,9.901690679433328,0.1009928538847498,12.177550000000002,11.7,55639.0,"unicode_orthographic_heuristic_v2; approximate, not gold phonological annotation",0.5209588200411363,5.158373092769904,identified,0.9555302186255136,0.0685999923606232,1.625982169699935,-2.042155150997573,False,2.176261535124512,20,20,1.0,20.0,0.1009928538847498,2.019857077694998,nonlinear_exponential_least_squares_positive_prefix,4.323735936482775,6.016752457586084,133,parametric_residual_positive_prefix,4559.0,2393.0,5.967975433209037,6.0,0.5248958104847554,31284.0,64.77018633540372,2.093394821573569,2.2729776661394845,2.9498333678212445,0.1795828445659153,0.8564385462476753,0.1795828445659153,0.8564385462476753,0.8266610649564983,identified,koplenig_lz_longest_match_v6_ud_annotations,2.093394821573569,31766.0,normalized_utterances_joined_by_single_spaces; Koplenig-style entropy-rate corpus,483.0,5430.0,0.460036832412523,1.0348066298342542,0.8475781731572547,2.6476652516676773,Universal Dependencies 2.18 treebank,held-out character-level interpolated Kneser-Ney,99984,19993,16838,100000,20000,Unicode character excluding whitespace as eligible target; whitespace retained inside context stream,0.8,FLEURS num_samples at 16 kHz
Greek,el_gr,el,ell,Western Europe,2026-09-16-hf-fleurs-ud-v1,main,2.18,1200,1,2290566908,loaded,el_gdt,736393,20,standard_fixed_lag,9.173428107765826,2.03140154378794,2.058581954880517,11.176867242257668,0.0894705088935104,11.221316666666668,10.89,27720.0,"unicode_orthographic_heuristic_v2; approximate, not gold phonological annotation",0.6405707631134552,7.159574378590774,identified,0.9676494396309552,0.0698512737521379,1.7600205722436686,-1.5035429255199522,False,3.048925131493605,20,20,1.0,20.0,0.0894705088935104,1.7894101778702085,nonlinear_exponential_least_squares_positive_prefix,6.139582555629599,8.24794770123315,129,parametric_residual_positive_prefix,37244.0,8936.0,5.529373858876598,5.0,0.2399312640962302,241518.0,145.31768953068593,1.91971484987336,2.2508945025143934,2.4610604993570493,0.3311796526410333,0.5413456494836892,0.3311796526410333,0.5413456494836892,0.6204354740950617,identified,koplenig_lz_longest_match_v6_ud_annotations,1.91971484987336,243179.0,normalized_utterances_joined_by_single_spaces; Koplenig-style entropy-rate corpus,1662.0,42326.0,0.6816377640221141,2.862613996125313,0.9693077498120172,3.440143615974818,Universal Dependencies 2.18 treebank,held-out character-level interpolated Kneser-Ney,99976,19977,17080,100000,20000,Unicode character excluding whitespace as eligible target; whitespace retained inside context stream,0.8,FLEURS num_samples at 16 kHz
Malayalam,ml_in,ml,mal,South Asia,2026-09-16-hf-fleurs-ud-v1,main,2.18,1200,1,2301509753,no_matching_treebank,,0,20,standard_fixed_lag,8.95801693204429,1.231673458326217,1.2318851830783932,10.506981976577595,0.0951748087347273,11.807783333333331,11.16,17455.0,"unicode_orthographic_heuristic_v2; approximate, not gold phonological annotation",0.6696379228413252,7.035873586126663,identified,0.9990782528309942,0.013518034221445,1.7770705589862557,-0.4295622771278036,False,3.649265194439826,20,20,1.0,20.0,0.0951748087347273,1.9034961746945465,nonlinear_exponential_least_squares_positive_prefix,,,17,parametric_residual_positive_prefix,,,,,,,,,,,,,,,,,,,,,,,,,,,,held-out character-level interpolated Kneser-Ney,99984,19964,16940,100000,20000,Unicode character excluding whitespace as eligible target; whitespace retained inside context stream,0.8,FLEURS num_samples at 16 kHz
Yoruba,yo_ng,yo,yor,Sub-Saharan Africa,2026-09-16-hf-fleurs-ud-v1,main,2.18,1200,1,2311836895,no_matching_treebank,,0,20,standard_fixed_lag,10.24388579833328,1.61000681156728,2.583640738480048,6.261002450394983,0.1597188322353896,15.072399999999998,14.52,46730.0,"unicode_orthographic_heuristic_v2; approximate, not gold phonological annotation",0.5146806296370968,3.222416683328696,identified,0.9904620669635936,0.0309420605618717,1.4932244602002305,-1.8767642306757804,False,2.150343541522941,20,20,1.0,20.0,0.1597188322353896,3.194376644707794,nonlinear_exponential_least_squares_positive_prefix,2.877482436334364,3.342829456176793,143,parametric_residual_positive_prefix,,,,,,,,,,,,,,,,,,,,,,,,,,,,held-out character-level interpolated Kneser-Ney,90418,19954,16324,100000,20000,Unicode character excluding whitespace as eligible target; whitespace retained inside context stream,0.8,FLEURS num_samples at 16 kHz
French,fr_fr,fr,fra,Western Europe,2026-09-16-hf-fleurs-ud-v1,main,2.18,1200,1,2315335738,loaded,fr_gsd,5203939,20,standard_fixed_lag,9.47769585307834,2.15629018315995,3.8704849717669614,10.253631446686937,0.0975264232188793,11.62645,11.1,54000.0,"unicode_orthographic_heuristic_v2; approximate, not gold phonological annotation",0.5115943022448645,5.245699425443804,identified,0.9825511459367728,0.0405736145570416,1.548058603453368,-1.9840214401580267,False,2.060115055685702,20,20,1.0,20.0,0.0975264232188793,1.9505284643775864,nonlinear_exponential_least_squares_positive_prefix,4.382717427739449,5.443992787068352,62,parametric_residual_positive_prefix,106292.0,21009.0,4.711793926165657,4.0,0.1976536333872728,602118.0,120.4236,2.08913016227776,2.354953991524564,2.718638630289765,0.2658238292468038,0.6295084680120051,0.2658238292468038,0.6295084680120051,0.7031003683652847,identified,koplenig_lz_longest_match_v6_ud_annotations,2.08913016227776,607117.0,normalized_utterances_joined_by_single_spaces; Koplenig-style entropy-rate corpus,5000.0,121615.0,0.6173580561608354,1.7840233523825186,0.9850035690564466,3.2922437079277964,Universal Dependencies 2.18 treebank,held-out character-level interpolated Kneser-Ney,99995,19977,16963,100000,20000,Unicode character excluding whitespace as eligible target; whitespace retained inside context stream,0.8,FLEURS num_samples at 16 kHz
Portuguese (Brazil),pt_br,pt,por,Latin America / Caribbean,2026-09-16-hf-fleurs-ud-v1,main,2.18,1200,1,2317882060,loaded,pt_dantestocks,3968321,20,standard_fixed_lag,9.15162252665352,1.701688548095987,3.518227224182554,8.4042209193421,0.1189878288061806,12.93715,12.24,54619.0,"unicode_orthographic_heuristic_v2; approximate, not gold phonological annotation",0.614582327210256,5.1650856509983845,identified,0.9622021786399038,0.0639994492781111,1.56044460730351,-1.1552596792938927,False,2.515215113787037,20,20,1.0,20.0,0.1189878288061806,2.379756576123613,nonlinear_exponential_least_squares_positive_prefix,4.10973745579806,5.694943211749115,131,parametric_residual_positive_prefix,54906.0,8198.0,4.329508614723346,4.0,0.1493097293556259,289582.0,95.25723684210526,1.176194894887855,2.35276641335933,1.2682487846180994,1.1765715184714751,0.0920538897302447,1.1765715184714751,0.0920538897302447,0.072561915546632,identified,koplenig_lz_longest_match_v6_ud_annotations,1.176194894887855,292621.0,normalized_utterances_joined_by_single_spaces; Koplenig-style entropy-rate corpus,3040.0,60923.0,0.449945012556834,1.1951315595095449,0.9984053711156672,3.5593870393725275,Universal Dependencies 2.18 treebank,held-out character-level interpolated Kneser-Ney,99948,19992,16766,100000,20000,Unicode character excluding whitespace as eligible target; whitespace retained inside context stream,0.8,FLEURS num_samples at 16 kHz
Armenian,hy_am,hy,hye,Eastern Europe,2026-09-16-hf-fleurs-ud-v1,main,2.18,1200,1,2320414167,loaded,hy_armtdp,2424318,20,standard_fixed_lag,9.841963202298476,1.537314652179241,1.5399697724766144,9.689350925207304,0.103206087561392,12.2405,11.94,22620.0,"unicode_orthographic_heuristic_v2; approximate, not gold phonological annotation",0.6637292816720749,6.431105929456498,identified,0.9545598453834028,0.0825771493535392,1.6314519315536908,-0.9917902462336604,False,3.1330647603897392,20,20,1.0,20.0,0.103206087561392,2.064121751227841,nonlinear_exponential_least_squares_positive_prefix,4.95387427665369,7.52795824454983,130,parametric_residual_positive_prefix,67181.0,20504.0,6.249326446465519,6.0,0.3052053407957607,482665.0,110.90647977941175,1.8832092239831648,2.268038539991894,2.588023710807035,0.3848293160087292,0.7048144868238704,0.3848293160087292,0.7048144868238704,0.646830170548999,identified,koplenig_lz_longest_match_v6_ud_annotations,1.8832092239831648,487016.0,normalized_utterances_joined_by_single_spaces; Koplenig-style entropy-rate corpus,4352.0,82871.0,0.7230273557698109,2.847401382872175,0.9518283836221684,3.603497242705587,Universal Dependencies 2.18 treebank,held-out character-level interpolated Kneser-Ney,99994,19972,16955,100000,20000,Unicode character excluding whitespace as eligible target; whitespace retained inside context stream,0.8,FLEURS num_samples at 16 kHz
Central Kurdish,ckb_iq,ckb,ckb,Central Asia / Middle East / North Africa,2026-09-16-hf-fleurs-ud-v1,main,2.18,1200,1,2328973092,loaded,ckb_mukri,22336,20,standard_fixed_lag,9.439600383457089,1.508746695433872,1.51014510125124,8.289749685358691,0.1206309041835357,12.51425,11.88,22678.0,"unicode_orthographic_heuristic_v2; approximate, not gold phonological annotation",0.681669386204024,5.65086857980346,identified,0.95873386100288,0.0700726101563446,1.5270703983092655,-0.8042412963636187,False,2.8744485859567344,20,20,1.0,20.0,0.1206309041835357,2.4126180836707154,nonlinear_exponential_least_squares_positive_prefix,4.772783929775808,6.534089115995211,121,parametric_residual_positive_prefix,361.0,251.0,4.598337950138504,4.0,0.6952908587257618,1929.0,20.967391304347824,2.100004977760265,2.290412954228504,2.780627645864009,0.1904079764682391,0.6806226681037439,0.1904079764682391,0.6806226681037439,0.7813992221114058,identified,koplenig_lz_longest_match_v6_ud_annotations,2.100004977760265,2020.0,normalized_utterances_joined_by_single_spaces; Koplenig-style entropy-rate corpus,92.0,539.0,0.6289424860853432,1.7142857142857142,0.9784880757731842,1.959731543624161,Universal Dependencies 2.18 treebank,held-out character-level interpolated Kneser-Ney,99698,19979,16447,100000,20000,Unicode character excluding whitespace as eligible target; whitespace retained inside context stream,0.8,FLEURS num_samples at 16 kHz
Kabuverdianu,kea_cv,kea,kea,Western Europe,2026-09-16-hf-fleurs-ud-v1,main,2.18,1200,1,2407676125,no_matching_treebank,,0,20,standard_fixed_lag,9.551267797189166,1.5702759492818783,3.059712078010127,7.124482504940547,0.140361071741918,13.864866666666664,13.32,50907.0,"unicode_orthographic_heuristic_v2; approximate, not gold phonological annotation",0.5879331749751721,4.188719619184763,identified,0.9583906843481592,0.0645308346491019,1.4837825342088418,-1.116132181272337,False,2.339701281221778,20,20,1.0,20.0,0.140361071741918,2.8072214348383606,nonlinear_exponential_least_squares_positive_prefix,3.405512059676653,4.77019589145489,138,parametric_residual_positive_prefix,,,,,,,,,,,,,,,,,,,,,,,,,,,,held-out character-level interpolated Kneser-Ney,95245,19997,16390,100000,20000,Unicode character excluding whitespace as eligible target; whitespace retained inside context stream,0.8,FLEURS num_samples at 16 kHz
Serbian,sr_rs,sr,srp,Eastern Europe,2026-09-16-hf-fleurs-ud-v1,main,2.18,1200,1,2447353229,loaded,sr_set,1221567,20,standard_fixed_lag,10.301348043468812,1.5183324199926418,3.23972234442978,7.938860202272804,0.1259626664938263,12.9561,12.24,50369.0,"unicode_orthographic_heuristic_v2; approximate, not gold phonological annotation",0.7630715791916465,6.057918591530021,identified,0.9551237824640716,0.0827776174503873,1.6341980523976385,-1.4144092112550624,False,3.601771247242293,20,20,1.0,20.0,0.1259626664938263,2.5192533298765274,nonlinear_exponential_least_squares_positive_prefix,4.514595454543295,7.084810447088179,117,parametric_residual_positive_prefix,65323.0,16362.0,5.444315172297659,5.0,0.2504783919905699,417634.0,125.49098557692308,1.975784977921771,2.3169816029431773,2.502931145142324,0.3411966250214062,0.5271461672205526,0.3411966250214062,0.5271461672205526,0.6070715067024663,identified,koplenig_lz_longest_match_v6_ud_annotations,1.975784977921771,420961.0,normalized_utterances_joined_by_single_spaces; Koplenig-style entropy-rate corpus,3328.0,74259.0,0.7999434411990466,2.7074159361154875,0.9944548703649984,3.352229631613822,Universal Dependencies 2.18 treebank,held-out character-level interpolated Kneser-Ney,99445,19980,16432,100000,20000,Unicode character excluding whitespace as eligible target; whitespace retained inside context stream,0.8,FLEURS num_samples at 16 kHz
Assamese,as_in,as,asm,South Asia,2026-09-16-hf-fleurs-ud-v1,main,2.18,1200,1,2457359867,loaded,as_aiw,35156,20,standard_fixed_lag,10.830598877280291,1.413234730334034,1.4149830104634566,7.521038678200321,0.132960358640156,13.34645,12.75,22662.0,"unicode_orthographic_heuristic_v2; approximate, not gold phonological annotation",0.6028386979021334,4.533973163637864,identified,0.9925668481191544,0.0359095535628656,1.670747712677808,-1.7153989229318922,False,3.160246637323847,20,20,1.0,20.0,0.132960358640156,2.659207172803121,nonlinear_exponential_least_squares_positive_prefix,4.118204502914537,4.718526175696436,147,parametric_residual_positive_prefix,547.0,375.0,4.709323583180987,4.0,0.6855575868372943,3072.0,60.23529411764706,2.4192909252134904,2.580551185732536,3.112331913940473,0.1612602605190454,0.6930409887269824,0.1612602605190454,0.6930409887269824,0.8112372413579316,identified,koplenig_lz_longest_match_v6_ud_annotations,2.4192909252134904,3122.0,normalized_utterances_joined_by_single_spaces; Koplenig-style entropy-rate corpus,51.0,597.0,0.6700167504187605,1.4539363484087102,0.803939982090498,2.4853479853479854,Universal Dependencies 2.18 treebank,held-out character-level interpolated Kneser-Ney,96726,19963,16234,100000,20000,Unicode character excluding whitespace as eligible target; whitespace retained inside context stream,0.8,FLEURS num_samples at 16 kHz
Bengali,bn_in,bn,ben,South Asia,2026-09-16-hf-fleurs-ud-v1,main,2.18,1200,1,2466895457,no_matching_treebank,,0,20,standard_fixed_lag,10.890099854589977,1.4791266357354496,1.4806237274720238,8.157262326923176,0.1225901484986554,12.8026,12.0,22747.0,"unicode_orthographic_heuristic_v2; approximate, not gold phonological annotation",0.6425098345092584,5.241121267720018,identified,0.9887656617979522,0.0452465308508647,1.6122104646446016,-1.0254896979939452,False,3.407071017956413,20,20,1.0,20.0,0.1225901484986554,2.451802969973109,nonlinear_exponential_least_squares_positive_prefix,4.659622503318472,5.588745125146608,147,parametric_residual_positive_prefix,,,,,,,,,,,,,,,,,,,,,,,,,,,,held-out character-level interpolated Kneser-Ney,99980,19997,16471,100000,20000,Unicode character excluding whitespace as eligible target; whitespace retained inside context stream,0.8,FLEURS num_samples at 16 kHz
Nyanja,ny_mw,ny,nya,Sub-Saharan Africa,2026-09-16-hf-fleurs-ud-v1,main,2.18,1200,1,2490915311,no_matching_treebank,,0,20,standard_fixed_lag,8.830900818302798,1.3340473555676535,3.606939062590809,8.357737000228914,0.1196496132831902,14.051850000000002,13.38,60821.0,"unicode_orthographic_heuristic_v2; approximate, not gold phonological annotation",0.7709884830770042,6.443718971763041,identified,0.9380956304583954,0.0867076075838133,1.5145778357678137,-0.1820568304280372,False,3.208120927230212,20,20,1.0,20.0,0.1196496132831902,2.392992265663805,nonlinear_exponential_least_squares_positive_prefix,4.754487304655334,7.731480677879641,120,parametric_residual_positive_prefix,,,,,,,,,,,,,,,,,,,,,,,,,,,,held-out character-level interpolated Kneser-Ney,99988,19982,16911,100000,20000,Unicode character excluding whitespace as eligible target; whitespace retained inside context stream,0.8,FLEURS num_samples at 16 kHz
Norwegian Bokmål,nb_no,nb,nob,Western Europe,2026-09-16-hf-fleurs-ud-v1,main,2.18,1200,1,2495917644,no_matching_treebank,,0,20,standard_fixed_lag,9.46547119643875,1.696757841123404,3.132578684850839,8.497937196268667,0.1176756166707241,12.48705,11.7,46940.0,"unicode_orthographic_heuristic_v2; approximate, not gold phonological annotation",0.5107249106960657,4.340108215665091,identified,0.9824762041805328,0.0382304330452877,1.5080240848137192,-2.1327969248708305,False,1.9443128453559133,20,20,1.0,20.0,0.1176756166707241,2.353512333414483,nonlinear_exponential_least_squares_positive_prefix,3.668034447478466,4.63331464029812,116,parametric_residual_positive_prefix,,,,,,,,,,,,,,,,,,,,,,,,,,,,held-out character-level interpolated Kneser-Ney,99982,19982,16540,100000,20000,Unicode character excluding whitespace as eligible target; whitespace retained inside context stream,0.8,FLEURS num_samples at 16 kHz
Amharic,am_et,am,amh,Sub-Saharan Africa,2026-09-16-hf-fleurs-ud-v1,main,2.18,1200,1,2535233048,no_matching_treebank,,0,10,low_resource_fixed_lag,8.961700220766982,1.3324207616666996,1.3437287149271595,5.228374365994141,0.1912640392593342,12.60175,12.3,20320.0,"unicode_orthographic_heuristic_v2; approximate, not gold phonological annotation",0.5948970549282911,3.1103445123924858,identified,0.9842827913268062,0.0657465735691887,1.1656790323511934,0.6690205419762465,False,3.095669197568049,10,10,1.0,10.0,0.1912640392593342,1.9126403925933424,nonlinear_exponential_least_squares_positive_prefix,2.703745609216618,3.4440075057865784,77,parametric_residual_positive_prefix,,,,,,,,,,,,,,,,,,,,,,,,,,,,held-out character-level interpolated Kneser-Ney,63017,16047,13849,100000,20000,Unicode character excluding whitespace as eligible target; whitespace retained inside context stream,0.8,FLEURS num_samples at 16 kHz
Nepali,ne_np,ne,nep,South Asia,2026-09-16-hf-fleurs-ud-v1,main,2.18,1200,1,2566353789,no_matching_treebank,,0,20,standard_fixed_lag,10.761852737358122,1.4760002808675503,1.4888045368370184,8.367168235532223,0.1195147476243366,12.10535,11.52,21627.0,"unicode_orthographic_heuristic_v2; approximate, not gold phonological annotation",0.5830485589107147,4.87846538189057,identified,0.993114313597934,0.0345002351558668,1.6367264095511258,-1.3089723457803926,False,3.067700186145663,20,20,1.0,20.0,0.1195147476243366,2.3902949524867334,nonlinear_exponential_least_squares_positive_prefix,4.434958421988934,5.1024164414719495,162,parametric_residual_positive_prefix,,,,,,,,,,,,,,,,,,,,,,,,,,,,held-out character-level interpolated Kneser-Ney,97018,19967,16352,100000,20000,Unicode character excluding whitespace as eligible target; whitespace retained inside context stream,0.8,FLEURS num_samples at 16 kHz
Javanese,jv_id,jv,jav,South/Southeast Asia,2026-09-16-hf-fleurs-ud-v1,main,2.18,1200,1,2577764254,no_matching_treebank,,0,20,standard_fixed_lag,9.161314357657718,1.466291001689232,3.283349721402819,8.273958096966947,0.1208611390437882,13.220999999999998,12.66,52091.0,"unicode_orthographic_heuristic_v2; approximate, not gold phonological annotation",0.7472199454996735,6.182466518282225,identified,0.9017157677467176,0.1039208348400945,1.3885301617123804,0.097837042141218,False,2.9276859897352487,20,20,1.0,20.0,0.1208611390437882,2.4172227808757656,nonlinear_exponential_least_squares_positive_prefix,4.318133462553138,8.65563796442128,112,parametric_residual_positive_prefix,,,,,,,,,,,,,,,,,,,,,,,,,,,,held-out character-level interpolated Kneser-Ney,99983,19987,16641,100000,20000,Unicode character excluding whitespace as eligible target; whitespace retained inside context stream,0.8,FLEURS num_samples at 16 kHz
Umbundu,umb_ao,umb,umb,Sub-Saharan Africa,2026-09-16-hf-fleurs-ud-v1,main,2.18,1153,1,2589643044,no_matching_treebank,,0,20,standard_fixed_lag,9.287121188370053,0.7666545615946416,2.0907004715827,4.441016104896889,0.2251736936727947,20.204700780572416,20.46,48705.0,"unicode_orthographic_heuristic_v2; approximate, not gold phonological annotation",1.0335605144726483,4.590058890158546,identified,0.9465428819867062,0.0903681087261808,1.3504076457549252,0.6245276927785126,False,4.894387551960143,20,20,1.0,20.0,0.2251736936727947,4.503473873455894,nonlinear_exponential_least_squares_positive_prefix,3.4219985312024934,5.8181032581447045,131,parametric_residual_positive_prefix,,,,,,,,,,,,,,,,,,,,,,,,,,,,held-out character-level interpolated Kneser-Ney,82826,19998,15904,100000,20000,Unicode character excluding whitespace as eligible target; whitespace retained inside context stream,0.8,FLEURS num_samples at 16 kHz
Croatian,hr_hr,hr,hrv,Western Europe,2026-09-16-hf-fleurs-ud-v1,main,2.18,1200,1,2630134722,loaded,hr_set,2519965,20,standard_fixed_lag,9.546757776334292,1.5631325502918223,3.6165237403200505,8.46840319090102,0.118086016626424,12.14495,11.58,52707.0,"unicode_orthographic_heuristic_v2; approximate, not gold phonological annotation",0.4979316489123816,4.216685964500218,identified,0.9454992449675456,0.06393354626455,1.4682989161890532,-2.1047556409148003,False,1.7889477472890418,20,20,1.0,20.0,0.118086016626424,2.3617203325284803,nonlinear_exponential_least_squares_positive_prefix,3.445717994127876,4.867047966114979,134,parametric_residual_positive_prefix,97514.0,23341.0,5.544209036651147,5.0,0.2393605020817523,633152.0,126.6304,2.0340019502555715,2.341819179232902,2.609238892556028,0.3078172289773304,0.5752369423004566,0.3078172289773304,0.5752369423004566,0.6514175019048761,identified,koplenig_lz_longest_match_v6_ud_annotations,2.0340019502555715,638151.0,normalized_utterances_joined_by_single_spaces; Koplenig-style entropy-rate corpus,5000.0,110311.0,0.805386588826137,2.662046396098304,0.992908663321742,3.3789917482504204,Universal Dependencies 2.18 treebank,held-out character-level interpolated Kneser-Ney,99236,19999,16418,100000,20000,Unicode character excluding whitespace as eligible target; whitespace retained inside context stream,0.8,FLEURS num_samples at 16 kHz
Kazakh,kk_kz,kk,kaz,Central Asia / Middle East / North Africa,2026-09-16-hf-fleurs-ud-v1,main,2.18,1200,1,2661403409,loaded,kk_ktb,26821,20,standard_fixed_lag,10.71602409896095,1.2550785684411785,1.2716337057616856,8.282734360996594,0.1207330763508487,13.3896,12.75,20432.0,"unicode_orthographic_heuristic_v2; approximate, not gold phonological annotation",0.7513321096259007,6.223084280918508,identified,0.97281398743903,0.0731576057552186,1.621554064208529,-0.694180993416782,False,4.035594423290756,20,20,1.0,20.0,0.1207330763508487,2.4146615270169742,nonlinear_exponential_least_squares_positive_prefix,5.116856168725844,7.054375684410728,121,parametric_residual_positive_prefix,410.0,313.0,5.765853658536585,6.0,0.7634146341463415,2743.0,88.48387096774194,2.267583915553277,2.3706748920891365,3.084333353369769,0.1030909765358596,0.8167494378164921,0.1030909765358596,0.8167494378164921,0.8879251499202232,identified,koplenig_lz_longest_match_v6_ud_annotations,2.267583915553277,2773.0,normalized_utterances_joined_by_single_spaces; Koplenig-style entropy-rate corpus,31.0,529.0,0.6086956521739131,1.561436672967864,0.9618624139909456,2.9819277108433737,Universal Dependencies 2.18 treebank,held-out character-level interpolated Kneser-Ney,99967,19984,16694,100000,20000,Unicode character excluding whitespace as eligible target; whitespace retained inside context stream,0.8,FLEURS num_samples at 16 kHz
Burmese,my_mm,my,mya,South/Southeast Asia,2026-09-16-hf-fleurs-ud-v1,main,2.18,1200,1,2727556861,no_matching_treebank,,0,20,standard_fixed_lag,9.15830742175656,0.7112022713439841,0.7275032220764127,9.930034912180092,0.100704580481727,14.21185,13.7,12407.0,"unicode_orthographic_heuristic_v2; approximate, not gold phonological annotation",1.1924592522356567,11.84116200605224,identified,0.987882128497797,0.0650302839355167,1.8039478696841225,0.4906136636170843,False,8.800744576704709,20,20,1.0,20.0,0.100704580481727,2.0140916096345416,nonlinear_exponential_least_squares_positive_prefix,10.185310218056175,12.415637638044894,142,parametric_residual_positive_prefix,,,,,,,,,,,,,,,,,,,,,,,,,,,,held-out character-level interpolated Kneser-Ney,99957,19991,17118,100000,20000,Unicode character excluding whitespace as eligible target; whitespace retained inside context stream,0.8,FLEURS num_samples at 16 kHz
Marathi,mr_in,mr,mar,South Asia,2026-09-16-hf-fleurs-ud-v1,main,2.18,1200,1,2732278764,loaded,mr_cmupan,2748077,20,standard_fixed_lag,9.884183169997357,1.3825212767747035,1.3836858866109985,8.062787998307433,0.1240265774332554,12.87985,12.24,21386.0,"unicode_orthographic_heuristic_v2; approximate, not gold phonological annotation",0.6394552136473316,5.155791822050822,identified,0.993088396139624,0.0342072956198375,1.6570471636638897,-0.914029506919074,False,3.263842148478079,20,20,1.0,20.0,0.1240265774332554,2.48053154866511,nonlinear_exponential_least_squares_positive_prefix,4.626161933183361,5.492707801856726,129,parametric_residual_positive_prefix,57115.0,17731.0,5.864851615162392,5.0,0.3104438413726691,387086.0,77.4172,2.0803737951409498,2.405256087193144,2.8111428960243448,0.3248822920521941,0.730769100883395,0.3248822920521941,0.730769100883395,0.6922447180704692,identified,koplenig_lz_longest_match_v6_ud_annotations,2.0803737951409498,392085.0,normalized_utterances_joined_by_single_spaces; Koplenig-style entropy-rate corpus,5000.0,64912.0,0.6559495932955386,1.9756285432585647,0.7922009628170668,2.792712645212979,Universal Dependencies 2.18 treebank,held-out character-level interpolated Kneser-Ney,99639,19973,16442,100000,20000,Unicode character excluding whitespace as eligible target; whitespace retained inside context stream,0.8,FLEURS num_samples at 16 kHz
Persian,fa_ir,fa,fas,Central Asia / Middle East / North Africa,2026-09-16-hf-fleurs-ud-v1,main,2.18,1200,1,2739771475,loaded,fa_perdt,10209681,20,standard_fixed_lag,10.087977253395406,1.723254336676204,1.7244017637796505,6.61769523277782,0.1511100110876885,13.798988437499998,13.02,28554.0,"unicode_orthographic_heuristic_v2; approximate, not gold phonological annotation",0.3994267578694284,2.643284551396417,identified,0.9899485611160044,0.0270100456959749,1.4929309686527428,-3.525418580802444,False,1.5405594071048478,20,20,1.0,20.0,0.1511100110876885,3.0222002217537707,nonlinear_exponential_least_squares_positive_prefix,,,43,parametric_residual_positive_prefix,84821.0,12501.0,3.708433053135426,3.0,0.1473809551879841,394374.0,78.8748,2.307509720566253,2.537432167183494,2.776592400682296,0.2299224466172411,0.4690826801160432,0.2299224466172411,0.4690826801160432,0.6710718736903178,identified,koplenig_lz_longest_match_v6_ud_annotations,2.307509720566253,399373.0,normalized_utterances_joined_by_single_spaces; Koplenig-style entropy-rate corpus,5000.0,87683.0,0.5674988310162745,0.9989051469498078,0.9956317464880812,3.517421960983516,Universal Dependencies 2.18 treebank,held-out character-level interpolated Kneser-Ney,87475,19999,16289,100000,20000,Unicode character excluding whitespace as eligible target; whitespace retained inside context stream,0.8,FLEURS num_samples at 16 kHz
Welsh,cy_gb,cy,cym,Western Europe,2026-09-16-hf-fleurs-ud-v1,main,2.18,1200,1,2741092458,loaded,cy_ccg,491007,20,standard_fixed_lag,10.096643756083385,1.9928276082080985,3.173810869418742,8.781023413403958,0.1138819421063758,12.12055,12.12,46162.0,"unicode_orthographic_heuristic_v2; approximate, not gold phonological annotation",0.392747349963612,3.4487236755828348,identified,0.9715937318833308,0.0462178059407285,1.5072099104890884,-3.2201035196970764,False,1.5357816514864406,20,20,1.0,20.0,0.1138819421063758,2.277638842127516,nonlinear_exponential_least_squares_positive_prefix,,,8,parametric_residual_positive_prefix,25613.0,5673.0,4.3013703978448445,4.0,0.2214890875727169,134429.0,99.20959409594096,2.0481304445693413,2.374323932533379,2.5220208245802307,0.3261934879640376,0.4738903800108893,0.3261934879640376,0.4738903800108893,0.5923008811692978,identified,koplenig_lz_longest_match_v6_ud_annotations,2.0481304445693413,135783.0,normalized_utterances_joined_by_single_spaces; Koplenig-style entropy-rate corpus,1355.0,28563.0,0.6394636417743235,1.5633511886006373,0.9958287012055028,2.9251323140252867,Universal Dependencies 2.18 treebank,held-out character-level interpolated Kneser-Ney,99979,19981,16876,100000,20000,Unicode character excluding whitespace as eligible target; whitespace retained inside context stream,0.8,FLEURS num_samples at 16 kHz
Irish,ga_ie,ga,gle,Western Europe,2026-09-16-hf-fleurs-ud-v1,main,2.18,1200,1,2758458362,loaded,ga_idt,1388674,20,standard_fixed_lag,8.562603616955979,1.6472081502108005,2.5830062289618767,7.787935719797363,0.1284037305878045,14.9035,14.28,46195.0,"unicode_orthographic_heuristic_v2; approximate, not gold phonological annotation",0.5394505689110334,4.201206354687246,identified,0.9655875933902948,0.0536883354361466,1.673698748553493,-2.928647822130219,False,2.003323226995529,20,20,1.0,20.0,0.1284037305878045,2.5680746117560904,nonlinear_exponential_least_squares_positive_prefix,3.336433607013076,4.805711248324159,140,parametric_residual_positive_prefix,87764.0,13800.0,4.815288728863771,4.0,0.1572398705619616,506375.0,126.65707853926963,1.5660340857910482,2.227677716067108,1.851865177158124,0.6616436302760591,0.2858310913670752,0.6616436302760591,0.2858310913670752,0.3016767464480527,identified,koplenig_lz_longest_match_v6_ud_annotations,1.5660340857910482,510372.0,normalized_utterances_joined_by_single_spaces; Koplenig-style entropy-rate corpus,3998.0,95872.0,0.7255611648865153,2.16701435246996,0.98631149535808,3.561040120164573,Universal Dependencies 2.18 treebank,held-out character-level interpolated Kneser-Ney,99960,19994,16926,100000,20000,Unicode character excluding whitespace as eligible target; whitespace retained inside context stream,0.8,FLEURS num_samples at 16 kHz
Cebuano,ceb_ph,ceb,ceb,South/Southeast Asia,2026-09-16-hf-fleurs-ud-v1,main,2.18,1200,1,2776778336,no_matching_treebank,,0,20,standard_fixed_lag,9.231827024294637,1.9240930350145369,3.657059790165592,9.261092150170647,0.1079786253915607,13.185,12.72,57862.0,"unicode_orthographic_heuristic_v2; approximate, not gold phonological annotation",0.6011451888238754,5.567260989329645,identified,0.9308059591154014,0.083049404773032,1.412503609598468,-0.3103074456336847,False,2.341080773906208,20,20,1.0,20.0,0.1079786253915607,2.1595725078312142,nonlinear_exponential_least_squares_positive_prefix,4.446160697221492,6.562797088200612,145,parametric_residual_positive_prefix,,,,,,,,,,,,,,,,,,,,,,,,,,,,held-out character-level interpolated Kneser-Ney,99975,19952,17075,100000,20000,Unicode character excluding whitespace as eligible target; whitespace retained inside context stream,0.8,FLEURS num_samples at 16 kHz
Sindhi,sd_in,sd,snd,South Asia,2026-09-16-hf-fleurs-ud-v1,main,2.18,1200,1,2829426192,loaded,sd_isra,1046863,20,standard_fixed_lag,9.71480833471396,1.7947775252890692,1.7973197954189597,6.810220186667815,0.146838130426043,12.78385,12.21,27572.0,"unicode_orthographic_heuristic_v2; approximate, not gold phonological annotation",0.4997940565361512,3.403707572999092,identified,0.9945967260379018,0.0225842298816882,1.5331623995832369,-2.135825478176799,False,2.038999707037956,20,20,1.0,20.0,0.146838130426043,2.9367626085208616,nonlinear_exponential_least_squares_positive_prefix,3.143203896756511,3.5887886007791745,84,parametric_residual_positive_prefix,65264.0,8527.0,3.728502696739397,3.0,0.1306539593037509,304505.0,74.342041015625,2.100045067563947,2.5310885246094403,2.4491797736938583,0.4310434570454933,0.3491347061299112,0.4310434570454933,0.3491347061299112,0.4475063807334692,identified,koplenig_lz_longest_match_v6_ud_annotations,2.100045067563947,308600.0,normalized_utterances_joined_by_single_spaces; Koplenig-style entropy-rate corpus,4096.0,74589.0,0.7080132459209804,2.0335304133317247,0.975131559992714,2.946363468713205,Universal Dependencies 2.18 treebank,held-out character-level interpolated Kneser-Ney,83250,19999,16099,100000,20000,Unicode character excluding whitespace as eligible target; whitespace retained inside context stream,0.8,FLEURS num_samples at 16 kHz
Ganda,lg_ug,lg,lug,Sub-Saharan Africa,2026-09-16-hf-fleurs-ud-v1,main,2.18,1200,1,2858237061,no_matching_treebank,,0,20,standard_fixed_lag,8.820430554869187,0.9944023134007688,2.812585891197386,6.139841515014265,0.1628706535102928,17.2214,16.86,58124.0,"unicode_orthographic_heuristic_v2; approximate, not gold phonological annotation",0.8702553832402357,5.3432301306830485,identified,0.9284113423030654,0.0870185074338502,1.440231776520959,-0.1304468511427514,False,3.3780809044527698,20,20,1.0,20.0,0.1628706535102928,3.257413070205857,nonlinear_exponential_least_squares_positive_prefix,3.8918024497083774,5.571190118831577,111,parametric_residual_positive_prefix,,,,,,,,,,,,,,,,,,,,,,,,,,,,held-out character-level interpolated Kneser-Ney,99984,19992,16504,100000,20000,Unicode character excluding whitespace as eligible target; whitespace retained inside context stream,0.8,FLEURS num_samples at 16 kHz
Northern Sotho,nso_za,nso,nso,Sub-Saharan Africa,2026-09-16-hf-fleurs-ud-v1,main,2.18,1200,1,2993048374,no_matching_treebank,,0,20,standard_fixed_lag,10.384070707903993,1.212487875121249,2.2291027089729103,5.093282400509328,0.1963370418848167,20.0002,19.92,53499.0,"unicode_orthographic_heuristic_v2; approximate, not gold phonological annotation",0.8015671243591448,4.082607727325304,identified,0.9159851359611064,0.0963482851942893,1.2446796768627648,0.2580346204750359,False,3.1911588440912104,20,20,1.0,20.0,0.1963370418848167,3.926740837696335,nonlinear_exponential_least_squares_positive_prefix,2.7827132500851683,4.200395712685649,121,parametric_residual_positive_prefix,,,,,,,,,,,,,,,,,,,,,,,,,,,,held-out character-level interpolated Kneser-Ney,96977,19995,16696,100000,20000,Unicode character excluding whitespace as eligible target; whitespace retained inside context stream,0.8,FLEURS num_samples at 16 kHz
Somali,so_so,so,som,Sub-Saharan Africa,2026-09-16-hf-fleurs-ud-v1,main,2.18,1200,1,2995078067,no_matching_treebank,,0,20,standard_fixed_lag,8.083194766128695,1.5227900552486189,3.119647790055249,8.144624769797423,0.1227803647515209,14.48,13.62,54207.0,"unicode_orthographic_heuristic_v2; approximate, not gold phonological annotation",0.654214659389314,5.32833291962679,identified,0.9503611237182896,0.0649328924333704,1.5937248492201026,-1.4067596523085295,False,2.337722805225707,20,20,1.0,20.0,0.1227803647515209,2.45560729503042,nonlinear_exponential_least_squares_positive_prefix,4.192986786371411,5.962636166658231,116,parametric_residual_positive_prefix,,,,,,,,,,,,,,,,,,,,,,,,,,,,held-out character-level interpolated Kneser-Ney,100000,19954,16700,100000,20000,Unicode character excluding whitespace as eligible target; whitespace retained inside context stream,0.8,FLEURS num_samples at 16 kHz
Xhosa,xh_za,xh,xho,Sub-Saharan Africa,2026-09-16-hf-fleurs-ud-v1,main,2.18,1200,1,3021633540,no_matching_treebank,,0,20,standard_fixed_lag,9.36628070733525,1.1572659393957136,3.642453984437231,8.454738300781797,0.1182768720242389,13.66295,12.9,59720.0,"unicode_orthographic_heuristic_v2; approximate, not gold phonological annotation",0.7830161971957948,6.620197032563799,identified,0.9169175655133456,0.0937472641776217,1.4854593672141485,-0.6734877916572899,False,3.040064276758036,20,20,1.0,20.0,0.1182768720242389,2.3655374404847787,nonlinear_exponential_least_squares_positive_prefix,4.565783520940287,7.04552094314495,127,parametric_residual_positive_prefix,,,,,,,,,,,,,,,,,,,,,,,,,,,,held-out character-level interpolated Kneser-Ney,99984,19981,16586,100000,20000,Unicode character excluding whitespace as eligible target; whitespace retained inside context stream,0.8,FLEURS num_samples at 16 kHz
Swahili,sw_ke,sw,swa,Sub-Saharan Africa,2026-09-16-hf-fleurs-ud-v1,main,2.18,1200,1,3093209341,no_matching_treebank,,0,20,standard_fixed_lag,9.121749505301905,1.2997672464306953,3.0969487648623644,6.998533467702045,0.1428870783593392,15.33095,14.58,56975.0,"unicode_orthographic_heuristic_v2; approximate, not gold phonological annotation",0.7056285481902849,4.938365010275714,identified,0.9285500396149045,0.0848244701750781,1.3872916341998391,-0.1099155593581437,False,2.699036782810267,20,20,1.0,20.0,0.1428870783593392,2.857741567186784,nonlinear_exponential_least_squares_positive_prefix,3.57993418772414,5.930038874062828,124,parametric_residual_positive_prefix,,,,,,,,,,,,,,,,,,,,,,,,,,,,held-out character-level interpolated Kneser-Ney,99970,19982,16495,100000,20000,Unicode character excluding whitespace as eligible target; whitespace retained inside context stream,0.8,FLEURS num_samples at 16 kHz
Igbo,ig_ng,ig,ibo,Sub-Saharan Africa,2026-09-16-hf-fleurs-ud-v1,main,2.18,1200,1,3101670280,no_matching_treebank,,0,20,standard_fixed_lag,8.932584565540765,1.5295630618597051,2.517535303582856,6.002075036810159,0.166609046682538,16.0961,15.45,48627.0,"unicode_orthographic_heuristic_v2; approximate, not gold phonological annotation",0.5841265734597896,3.505971524900459,identified,0.9918749534139996,0.0269989225372017,1.39094582771116,-0.4256527902043181,False,2.230849284469946,20,20,1.0,20.0,0.166609046682538,3.332180933650761,nonlinear_exponential_least_squares_positive_prefix,,,44,parametric_residual_positive_prefix,,,,,,,,,,,,,,,,,,,,,,,,,,,,held-out character-level interpolated Kneser-Ney,92669,19978,16398,100000,20000,Unicode character excluding whitespace as eligible target; whitespace retained inside context stream,0.8,FLEURS num_samples at 16 kHz
Hausa,ha_ng,ha,hau,Sub-Saharan Africa,2026-09-16-hf-fleurs-ud-v1,main,2.18,1200,1,3138058653,no_matching_treebank,,0,20,standard_fixed_lag,8.349594145001209,1.6673229806929537,3.0871299672984405,7.273386180880146,0.1374875436462787,14.60175,13.71,54093.0,"unicode_orthographic_heuristic_v2; approximate, not gold phonological annotation",0.8450104618245033,6.1460874157334935,identified,0.9386504785526278,0.0812073004181052,1.451377470610608,0.0737152884326778,False,3.3040038170874304,20,20,1.0,20.0,0.1374875436462787,2.7497508729255755,nonlinear_exponential_least_squares_positive_prefix,4.68370824517502,7.833661521108652,136,parametric_residual_positive_prefix,,,,,,,,,,,,,,,,,,,,,,,,,,,,held-out character-level interpolated Kneser-Ney,99993,19951,16740,100000,20000,Unicode character excluding whitespace as eligible target; whitespace retained inside context stream,0.8,FLEURS num_samples at 16 kHz
Fulah,ff_sn,ff,ful,Sub-Saharan Africa,2026-09-16-hf-fleurs-ud-v1,main,2.18,1200,1,3200500524,no_matching_treebank,,0,20,standard_fixed_lag,10.824141886445805,1.4664795043798675,2.658795502706205,6.235518543013584,0.1603715862765611,14.817799999999998,14.22,47277.0,"unicode_orthographic_heuristic_v2; approximate, not gold phonological annotation",0.5682542559497057,3.543359950120777,identified,0.9524028448429817,0.0635178284510234,1.283247105590335,-0.7992837975542506,False,2.1254515108700645,20,20,1.0,20.0,0.1603715862765611,3.2074317255312232,nonlinear_exponential_least_squares_positive_prefix,2.947824337241137,4.198271879044792,135,parametric_residual_positive_prefix,,,,,,,,,,,,,,,,,,,,,,,,,,,,held-out character-level interpolated Kneser-Ney,88402,19993,16276,100000,20000,Unicode character excluding whitespace as eligible target; whitespace retained inside context stream,0.8,FLEURS num_samples at 16 kHz
Occitan,oc_fr,oc,oci,Western Europe,2026-09-16-hf-fleurs-ud-v1,main,2.18,1200,1,3203338360,loaded,oc_ttb,248352,20,standard_fixed_lag,10.099217345718907,1.6942467632684557,3.142301866300837,7.975077881619938,0.125390625,14.57875,14.58,54973.0,"unicode_orthographic_heuristic_v2; approximate, not gold phonological annotation",0.5207808974291299,4.153268216257235,identified,0.9776237696662616,0.0474999421803985,1.484744455725708,-1.565608322744215,False,2.159559517401878,20,20,1.0,20.0,0.125390625,2.5078125,nonlinear_exponential_least_squares_positive_prefix,3.4320621917494623,4.542581465854515,114,parametric_residual_positive_prefix,11736.0,4014.0,4.203902522154056,4.0,0.3420245398773006,60243.0,72.58192771084337,2.330214103304908,2.502934666180376,3.059284629858949,0.172720562875468,0.7290705265540409,0.172720562875468,0.7290705265540409,0.8084694283409537,identified,koplenig_lz_longest_match_v6_ud_annotations,2.330214103304908,61072.0,normalized_utterances_joined_by_single_spaces; Koplenig-style entropy-rate corpus,830.0,14011.0,0.0069945043180358,0.0069945043180358,0.9983879231850208,2.3605947955390336,Universal Dependencies 2.18 treebank,held-out character-level interpolated Kneser-Ney,99997,19982,17053,100000,20000,Unicode character excluding whitespace as eligible target; whitespace retained inside context stream,0.8,FLEURS num_samples at 16 kHz
Zulu,zu_za,zu,zul,Sub-Saharan Africa,2026-09-16-hf-fleurs-ud-v1,main,2.18,1200,1,3223660665,no_matching_treebank,,0,20,standard_fixed_lag,9.473785805964118,0.8748768271034391,2.950421628508681,6.673223469629149,0.1498526168876483,17.8949,17.549999999999997,63357.0,"unicode_orthographic_heuristic_v2; approximate, not gold phonological annotation",0.8152881167044623,5.440599794901966,identified,0.9298808416965548,0.0916301094067831,1.4648102020435647,-0.2956621409971527,False,3.3706039658061195,20,20,1.0,20.0,0.1498526168876483,2.997052337752966,nonlinear_exponential_least_squares_positive_prefix,4.078719426465882,6.713414232399348,134,parametric_residual_positive_prefix,,,,,,,,,,,,,,,,,,,,,,,,,,,,held-out character-level interpolated Kneser-Ney,99984,19990,16782,100000,20000,Unicode character excluding whitespace as eligible target; whitespace retained inside context stream,0.8,FLEURS num_samples at 16 kHz
Kamba,kam_ke,kam,kam,Sub-Saharan Africa,2026-09-16-hf-fleurs-ud-v1,main,2.18,1200,1,3395274868,no_matching_treebank,,0,20,standard_fixed_lag,9.815165997559504,1.3389667779778431,2.577236271711336,6.486542985186885,0.1541653238533482,15.467150000000002,15.0,47835.0,"unicode_orthographic_heuristic_v2; approximate, not gold phonological annotation",0.9289223312138228,6.025494631318471,identified,0.9109240958559744,0.0924911837682522,1.2604821402744752,0.1776849050987748,False,3.462807357176214,20,20,1.0,20.0,0.1541653238533482,3.083306477066964,nonlinear_exponential_least_squares_positive_prefix,4.306264235749824,6.515981010183411,121,parametric_residual_positive_prefix,,,,,,,,,,,,,,,,,,,,,,,,,,,,held-out character-level interpolated Kneser-Ney,95911,19981,16473,100000,20000,Unicode character excluding whitespace as eligible target; whitespace retained inside context stream,0.8,FLEURS num_samples at 16 kHz
Māori,mi_nz,mi,mri,Pacific,2026-09-16-hf-fleurs-ud-v1,main,2.18,1200,2,4169642403,no_matching_treebank,,0,20,standard_fixed_lag,10.277680276420986,1.474467878770464,2.532739014561049,5.47408715078983,0.1826788599548903,18.56093333333333,18.24,56412.0,"unicode_orthographic_heuristic_v2; approximate, not gold phonological annotation",0.6882937679614565,3.7677800711665257,identified,0.9349630252901416,0.0824897997165881,1.136980097052754,0.5676082592437361,False,2.712899019302263,20,20,1.0,20.0,0.1826788599548903,3.653577199097807,nonlinear_exponential_least_squares_positive_prefix,2.802856221899406,4.503564058735965,132,parametric_residual_positive_prefix,,,,,,,,,,,,,,,,,,,,,,,,,,,,held-out character-level interpolated Kneser-Ney,98064,19980,16702,100000,20000,Unicode character excluding whitespace as eligible target; whitespace retained inside context stream,0.8,FLEURS num_samples at 16 kHz
Catalan,ca_es,ca,cat,Western Europe,2026-09-16-hf-fleurs-ud-v1,main,2.18,1200,1,1694777235,loaded,ca_ancora,8313328,20,standard_fixed_lag,8.336781057026652,2.0678691128447286,3.725389848877115,9.403822941663872,0.106339730788579,11.6263,11.16,51975.0,"unicode_orthographic_heuristic_v2; approximate, not gold phonological annotation",0.5657942264964,5.320628727387812,identified,0.9777760141885616,0.0451076907419791,1.6393282499086703,-1.828673806570684,False,2.1741698596947776,20,20,1.0,20.0,0.106339730788579,2.1267946157715816,nonlinear_exponential_least_squares_positive_prefix,4.737219772021867,5.8828354692889935,131,parametric_residual_positive_prefix,156856.0,16976.0,4.579499668485745,3.0,0.108226653746111,870178.0,174.0356,1.7074116279194695,2.214806835935681,2.00328314264574,0.5073952080162114,0.2958715147262702,0.5073952080162114,0.2958715147262702,0.3683353316518794,identified,koplenig_lz_longest_match_v6_ud_annotations,1.7074116279194695,875177.0,normalized_utterances_joined_by_single_spaces; Koplenig-style entropy-rate corpus,5000.0,178216.0,0.6712528616959196,1.7348498451317502,0.985286951604522,3.680531821540735,Universal Dependencies 2.18 treebank,held-out character-level interpolated Kneser-Ney,99998,19989,16654,100000,20000,Unicode character excluding whitespace as eligible target; whitespace retained inside context stream,0.8,FLEURS num_samples at 16 kHz
Danish,da_dk,da,dan,Western Europe,2026-09-16-hf-fleurs-ud-v1,main,2.18,1200,1,1697678710,loaded,da_ddt,1215801,20,standard_fixed_lag,9.554296342397766,1.8694739597840493,3.5320995490127136,9.456501720692296,0.1057473502925341,10.95005,10.5,46412.0,"unicode_orthographic_heuristic_v2; approximate, not gold phonological annotation",0.4865603803817914,4.601159074301108,identified,0.9876536334119655,0.0312059371960531,1.4983795576205357,-2.416911132205554,False,1.8325892774420447,20,20,1.0,20.0,0.1057473502925341,2.114947005850683,nonlinear_exponential_least_squares_positive_prefix,4.02272488728716,4.8892652247456,138,parametric_residual_positive_prefix,70338.0,15972.0,4.8489863231823485,4.0,0.2270749808069606,407025.0,92.90687057749372,2.214343630346794,2.3897881818109115,2.873349094443544,0.1754445514641176,0.65900546409675,0.1754445514641176,0.65900546409675,0.7897482794746019,identified,koplenig_lz_longest_match_v6_ud_annotations,2.214343630346794,411405.0,normalized_utterances_joined_by_single_spaces; Koplenig-style entropy-rate corpus,4381.0,80376.0,0.692084701901065,1.8872300189111173,0.9819051321294634,3.462122508059741,Universal Dependencies 2.18 treebank,held-out character-level interpolated Kneser-Ney,99679,19971,16434,100000,20000,Unicode character excluding whitespace as eligible target; whitespace retained inside context stream,0.8,FLEURS num_samples at 16 kHz
Wolof,wo_sn,wo,wol,Sub-Saharan Africa,2026-09-16-hf-fleurs-ud-v1,main,2.18,1200,1,1821479927,loaded,wo_wtb,323933,20,standard_fixed_lag,8.77394059828786,1.7047009644518878,2.609108216589923,6.796618691243973,0.1471319850984566,13.82305,13.08,43279.0,"unicode_orthographic_heuristic_v2; approximate, not gold phonological annotation",0.5663207331762874,3.849066080344946,identified,0.9759078368128932,0.041876426034715,1.438342674588099,-1.3187245682733575,False,1.962243280005112,20,20,1.0,20.0,0.1471319850984566,2.9426397019691324,nonlinear_exponential_least_squares_positive_prefix,3.159890722812724,4.180660158152008,136,parametric_residual_positive_prefix,20375.0,3860.0,3.7233374233128833,3.0,0.1894478527607362,95050.0,80.00841750841751,2.145604686096944,2.446234083662397,2.55631583285014,0.3006293975654528,0.4107111467531958,0.3006293975654528,0.4107111467531958,0.5773762651847604,identified,koplenig_lz_longest_match_v6_ud_annotations,2.145604686096944,96237.0,normalized_utterances_joined_by_single_spaces; Koplenig-style entropy-rate corpus,1188.0,23561.0,0.5482364925088069,1.7082891218539111,0.9999973353923122,3.184552809189648,Universal Dependencies 2.18 treebank,held-out character-level interpolated Kneser-Ney,90380,19981,16346,100000,20000,Unicode character excluding whitespace as eligible target; whitespace retained inside context stream,0.8,FLEURS num_samples at 16 kHz
Pashto,ps_af,ps,pus,Central Asia / Middle East / North Africa,2026-09-16-hf-fleurs-ud-v1,main,2.18,1200,1,2014857195,no_matching_treebank,,0,20,standard_fixed_lag,10.199616446858016,2.082102053741305,2.1171398085748625,7.350325983337894,0.1360483878220983,12.60545,11.82,32025.0,"unicode_orthographic_heuristic_v2; approximate, not gold phonological annotation",0.5694004930311687,4.185279238852408,identified,0.97293820663052,0.0521840659101067,1.5187279380596597,-2.0436550100306623,False,2.313232472310453,20,20,1.0,20.0,0.1360483878220983,2.720967756441966,nonlinear_exponential_least_squares_positive_prefix,3.6634622380933446,4.59107163456523,127,parametric_residual_positive_prefix,,,,,,,,,,,,,,,,,,,,,,,,,,,,held-out character-level interpolated Kneser-Ney,89511,19954,16245,100000,20000,Unicode character excluding whitespace as eligible target; whitespace retained inside context stream,0.8,FLEURS num_samples at 16 kHz
German,de_de,de,deu,Western Europe,2026-09-16-hf-fleurs-ud-v1,main,2.18,1200,1,2042593700,loaded,de_hdt,44313312,20,standard_fixed_lag,9.06587010103262,1.9293956357820177,3.786815948817548,11.261814996763016,0.0887956337666202,10.94125,10.68,49719.0,"unicode_orthographic_heuristic_v2; approximate, not gold phonological annotation",0.5787893966613978,6.518219107288747,identified,0.9756138720127124,0.0481797718227118,1.5384399323844549,-1.4598969311236982,False,2.265124663990266,20,20,1.0,20.0,0.0887956337666202,1.7759126753324046,nonlinear_exponential_least_squares_positive_prefix,5.493126172074026,7.220072683626249,123,parametric_residual_positive_prefix,81717.0,13379.0,5.91486471603216,5.0,0.16372358260827,560062.0,112.0124,1.7056054908664915,2.130090406799389,2.0823802661348627,0.4244849159328971,0.376774775268371,0.4244849159328971,0.376774775268371,0.470228041427494,identified,koplenig_lz_longest_match_v6_ud_annotations,1.7056054908664915,565061.0,normalized_utterances_joined_by_single_spaces; Koplenig-style entropy-rate corpus,5000.0,88932.0,0.8964602167948545,2.558595331264337,0.910751923094113,3.8154458371062288,Universal Dependencies 2.18 treebank,held-out character-level interpolated Kneser-Ney,100000,19997,17168,100000,20000,Unicode character excluding whitespace as eligible target; whitespace retained inside context stream,0.8,FLEURS num_samples at 16 kHz
Ukrainian,uk_ua,uk,ukr,Eastern Europe,2026-09-16-hf-fleurs-ud-v1,main,2.18,1200,1,2046705728,loaded,uk_iu,3960807,20,standard_fixed_lag,11.296385947484572,1.5966620305980528,1.6005135337541456,9.181198958667665,0.1089182365507865,11.68375,11.1,22440.0,"unicode_orthographic_heuristic_v2; approximate, not gold phonological annotation",0.4621755352615189,4.243325543064729,identified,0.9711266443950816,0.0542228732659592,1.509954341036177,-2.8950007511645106,False,1.997832552780732,20,20,1.0,20.0,0.1089182365507865,2.1783647310157312,nonlinear_exponential_least_squares_positive_prefix,3.5035006539761286,4.609323663137255,141,parametric_residual_positive_prefix,68813.0,25378.0,5.449159315826951,5.0,0.3687965936668943,438786.0,87.7572,2.3706169831169706,2.609143963407274,3.290099116503413,0.2385269802903034,0.9194821333864428,0.2385269802903034,0.9194821333864428,0.794019772838431,identified,koplenig_lz_longest_match_v6_ud_annotations,2.3706169831169706,443785.0,normalized_utterances_joined_by_single_spaces; Koplenig-style entropy-rate corpus,5000.0,84328.0,0.7350820605255668,2.581420168864434,0.988653656524954,3.3029447357805566,Universal Dependencies 2.18 treebank,held-out character-level interpolated Kneser-Ney,99977,19998,16532,100000,20000,Unicode character excluding whitespace as eligible target; whitespace retained inside context stream,0.8,FLEURS num_samples at 16 kHz
Romanian,ro_ro,ro,ron,Eastern Europe,2026-09-16-hf-fleurs-ud-v1,main,2.18,1200,1,2317544661,loaded,ro_nonstandard,7383418,20,standard_fixed_lag,8.672273743076662,1.8252415555378103,3.872474646650164,9.143841997391467,0.109363219561895,12.522999999999998,12.06,58194.0,"unicode_orthographic_heuristic_v2; approximate, not gold phonological annotation",0.5017251423904755,4.587695428137244,identified,0.9509541929971632,0.0633948302990808,1.6491876287793603,-2.809832680923346,False,1.863425852082111,20,20,1.0,20.0,0.109363219561895,2.1872643912379006,nonlinear_exponential_least_squares_positive_prefix,3.482859541794576,5.352200487157056,144,parametric_residual_positive_prefix,82594.0,11758.0,3.9360849456376976,4.0,0.1423590091289924,402691.0,80.5382,1.843255990287334,2.462228967097095,2.15145163904335,0.6189729768097609,0.308195648756016,0.6189729768097609,0.308195648756016,0.3324051744826339,identified,koplenig_lz_longest_match_v6_ud_annotations,1.843255990287334,407690.0,normalized_utterances_joined_by_single_spaces; Koplenig-style entropy-rate corpus,5000.0,99675.0,0.7888638073739654,2.7489942312515674,0.9701354362586811,3.5852020068655928,Universal Dependencies 2.18 treebank,held-out character-level interpolated Kneser-Ney,99985,19992,16928,100000,20000,Unicode character excluding whitespace as eligible target; whitespace retained inside context stream,0.8,FLEURS num_samples at 16 kHz
Lingala,ln_cd,ln,lin,Sub-Saharan Africa,2026-09-16-hf-fleurs-ud-v1,main,2.18,1200,2,4190509986,no_matching_treebank,,0,20,standard_fixed_lag,8.074603888108687,1.2358994909748215,2.749474916796694,5.990685398186911,0.1669258079054946,17.592450000000003,17.46,58044.0,"unicode_orthographic_heuristic_v2; approximate, not gold phonological annotation",0.8498117687110729,5.090954954024817,identified,0.9614933047369096,0.0742221163785696,1.433261763318416,0.7172914048850012,False,3.829650145293239,20,20,1.0,20.0,0.1669258079054946,3.338516158109893,nonlinear_exponential_least_squares_positive_prefix,4.205962197499511,5.8688801770464405,127,parametric_residual_positive_prefix,,,,,,,,,,,,,,,,,,,,,,,,,,,,held-out character-level interpolated Kneser-Ney,99980,19982,16451,100000,20000,Unicode character excluding whitespace as eligible target; whitespace retained inside context stream,0.8,FLEURS num_samples at 16 kHz
