language,lag_characters,lag_seconds,information_bits,surprisal_bits,source
Icelandic,1,0.1021774644735369,1.0003805677157174,4.984071722674083,google/fleurs
Icelandic,2,0.2043549289470739,0.4518864704735232,3.983691154958366,google/fleurs
Icelandic,3,0.3065323934206109,0.1866291957698624,3.5318046844848427,google/fleurs
Icelandic,4,0.4087098578941479,0.0554128224166805,3.3451754887149803,google/fleurs
Icelandic,5,0.5108873223676849,0.0271409902794621,3.2897626662983,google/fleurs
Icelandic,6,0.6130647868412219,0.0,3.2626216760188376,google/fleurs
Icelandic,7,0.7152422513147589,0.0,3.2626216760188376,google/fleurs
Icelandic,8,0.8174197157882959,0.0,3.2626216760188376,google/fleurs
Icelandic,9,0.9195971802618328,0.0,3.2626216760188376,google/fleurs
Icelandic,10,1.0217746447353695,0.0,3.2626216760188376,google/fleurs
Odia,1,0.1061906006196573,1.5926400104237342,5.6206352114399865,google/fleurs
Odia,2,0.2123812012393146,0.7376245118151452,4.027995201016252,google/fleurs
Odia,3,0.3185718018589719,0.3524627934221902,3.290370689201107,google/fleurs
Odia,4,0.4247624024786292,0.1542130291000023,2.937907895778917,google/fleurs
Odia,5,0.5309530030982865,0.0451551973432029,2.7836948666789145,google/fleurs
Odia,6,0.6371436037179439,0.0167906569653992,2.738539669335712,google/fleurs
Odia,7,0.7433342043376011,0.0068016051238095,2.7217490123703123,google/fleurs
Odia,8,0.8495248049572585,0.0038529146674997,2.7149474072465027,google/fleurs
Odia,9,0.9557154055769158,0.0013748731192033,2.711094492579003,google/fleurs
Odia,10,1.061906006196573,0.0009635276128907,2.7097196194598,google/fleurs
Afrikaans,1,0.0926398518894979,1.02826704971258,4.6898359866352,google/fleurs
Afrikaans,2,0.1852797037789958,0.4671003827865769,3.66156893692262,google/fleurs
Afrikaans,3,0.2779195556684938,0.2737991407910094,3.194468554136043,google/fleurs
Afrikaans,4,0.3705594075579917,0.1279930225729519,2.920669413345033,google/fleurs
Afrikaans,5,0.4631992594474897,0.0448044093684782,2.792676390772081,google/fleurs
Afrikaans,6,0.5558391113369876,0.0162949826765235,2.7478719814036032,google/fleurs
Afrikaans,7,0.6484789632264856,0.0101508801663299,2.73157699872708,google/fleurs
Afrikaans,8,0.7411188151159835,0.0043442045453989,2.72142611856075,google/fleurs
Afrikaans,9,0.8337586670054815,0.001906623387291,2.717081914015351,google/fleurs
Afrikaans,10,0.9263985188949796,0.002479846207041,2.71517529062806,google/fleurs
Georgian,1,0.1071498613422074,1.5953989850312076,5.321678777423386,google/fleurs
Georgian,2,0.2142997226844148,0.5263543857694941,3.726279792392178,google/fleurs
Georgian,3,0.3214495840266222,0.5799849355986519,3.199925406622684,google/fleurs
Georgian,4,0.4285994453688297,0.3898554653946324,2.619940471024032,google/fleurs
Georgian,5,0.5357493067110372,0.1931545860296637,2.2300850056293995,google/fleurs
Georgian,6,0.6428991680532445,0.1145469815441244,2.036930419599736,google/fleurs
Georgian,7,0.750049029395452,0.0790665966921579,1.9223834380556115,google/fleurs
Georgian,8,0.8571988907376594,0.056360295886944,1.8433168413634533,google/fleurs
Georgian,9,0.9643487520798668,0.0411878381262622,1.7869565454765093,google/fleurs
Georgian,10,1.0714986134220743,0.0282427451594582,1.745768707350247,google/fleurs
Georgian,11,1.1786484747642818,0.0219942750018253,1.7175259621907888,google/fleurs
Georgian,12,1.285798336106489,0.0172267416552087,1.6955316871889634,google/fleurs
Georgian,13,1.3929481974486966,0.0143465099950081,1.6783049455337546,google/fleurs
Georgian,14,1.500098058790904,0.0106450031864457,1.6639584355387464,google/fleurs
Georgian,15,1.6072479201331114,0.0071901929438327,1.6533134323523009,google/fleurs
Georgian,16,1.7143977814753188,0.0055667185800023,1.646123239408468,google/fleurs
Georgian,17,1.8215476428175263,0.0045720206318919,1.6405565208284656,google/fleurs
Georgian,18,1.9286975041597336,0.0035959000323613,1.6359845001965736,google/fleurs
Georgian,19,2.035847365501941,0.0026773074556485,1.6323886001642125,google/fleurs
Georgian,20,2.1429972268441486,0.0018097746271359,1.6297112927085635,google/fleurs
Slovak,1,0.1068401357728288,1.2643762960943017,5.2650944153452,google/fleurs
Slovak,2,0.2136802715456577,0.575719818920104,4.000718119250899,google/fleurs
Slovak,3,0.3205204073184866,0.5683060534741551,3.424998300330795,google/fleurs
Slovak,4,0.4273605430913155,0.3420670397969947,2.85669224685664,google/fleurs
Slovak,5,0.5342006788641445,0.2107881772287942,2.514625207059645,google/fleurs
Slovak,6,0.6410408146369733,0.1318224759646984,2.303837029830851,google/fleurs
Slovak,7,0.7478809504098022,0.089404630664958,2.1720145538661524,google/fleurs
Slovak,8,0.8547210861826311,0.0701610068679987,2.0826099232011943,google/fleurs
Slovak,9,0.96156122195546,0.0485225449226494,2.012448916333196,google/fleurs
Slovak,10,1.068401357728289,0.0358788188601435,1.9639263714105464,google/fleurs
Slovak,11,1.1752414935011175,0.0264326998238157,1.9280475525504024,google/fleurs
Slovak,12,1.2820816292739463,0.0200263036920949,1.9016148527265868,google/fleurs
Slovak,13,1.3889217650467756,0.014631617908726,1.881588549034492,google/fleurs
Slovak,14,1.4957619008196044,0.0109981286484033,1.8669569311257657,google/fleurs
Slovak,15,1.6026020365924334,0.0080427705830277,1.8559588024773623,google/fleurs
Slovak,16,1.7094421723652622,0.0055527554631991,1.8479160318943348,google/fleurs
Slovak,17,1.816282308138091,0.0042947450740091,1.842363276431136,google/fleurs
Slovak,18,1.92312244391092,0.0031363948429596,1.8380685313571263,google/fleurs
Slovak,19,2.029962579683749,0.002554800564281,1.8349321365141669,google/fleurs
Slovak,20,2.136802715456578,0.0017239469939254,1.8323773359498856,google/fleurs
Arabic,1,0.1189773464229795,1.248747723470208,5.433518227968769,google/fleurs
Arabic,2,0.237954692845959,0.6067481602060054,4.184770504498561,google/fleurs
Arabic,3,0.3569320392689386,0.4810773521315918,3.578022344292555,google/fleurs
Arabic,4,0.4759093856919181,0.2340690995636056,3.096944992160964,google/fleurs
Arabic,5,0.5948867321148976,0.1414412254516284,2.8628758925973576,google/fleurs
Arabic,6,0.7138640785378771,0.1318628301557014,2.721434667145729,google/fleurs
Arabic,7,0.8328414249608567,0.095931860407016,2.589571836990028,google/fleurs
Arabic,8,0.9518187713838362,0.066650115385848,2.493639976583012,google/fleurs
Arabic,9,1.0707961178068155,0.0471546672523519,2.426989861197164,google/fleurs
Arabic,10,1.1897734642297952,0.0314021011977856,2.379835193944812,google/fleurs
Arabic,11,1.3087508106527748,0.0221539082338524,2.348433092747026,google/fleurs
Arabic,12,1.4277281570757543,0.0157166652181661,2.3262791845131736,google/fleurs
Arabic,13,1.5467055034987338,0.0119912149951435,2.3105625192950074,google/fleurs
Arabic,14,1.6656828499217131,0.0090470120773118,2.298571304299864,google/fleurs
Arabic,15,1.7846601963446929,0.0062027420064771,2.289524292222552,google/fleurs
Arabic,16,1.9036375427676724,0.004339475525664,2.283321550216075,google/fleurs
Arabic,17,2.022614889190652,0.0033930644403605,2.278982074690411,google/fleurs
Arabic,18,2.1415922356136314,0.002671395031434,2.2755890102500502,google/fleurs
Arabic,19,2.260569582036611,0.002005228033282,2.272917615218616,google/fleurs
Arabic,20,2.3795469284595905,0.0014016455087166,2.270912387185334,google/fleurs
Punjabi,1,0.1234281553902959,1.5222650041625323,5.615597152016113,google/fleurs
Punjabi,2,0.2468563107805918,0.754704006975941,4.09333214785358,google/fleurs
Punjabi,3,0.3702844661708877,0.5381904044189243,3.33862814087764,google/fleurs
Punjabi,4,0.4937126215611836,0.3027616601895286,2.800437736458715,google/fleurs
Punjabi,5,0.6171407769514795,0.1636273113670991,2.4976760762691863,google/fleurs
Punjabi,6,0.7405689323417755,0.1124059820799807,2.334048764902087,google/fleurs
Punjabi,7,0.8639970877320713,0.0818905967472938,2.2216427828221064,google/fleurs
Punjabi,8,0.9874252431223672,0.0694026698490337,2.1397521860748125,google/fleurs
Punjabi,9,1.1108533985126632,0.0525122992179949,2.070349516225779,google/fleurs
Punjabi,10,1.234281553902959,0.0395870658949948,2.017837217007784,google/fleurs
Punjabi,11,1.3577097092932549,0.0286717487560448,1.978250151112789,google/fleurs
Punjabi,12,1.481137864683551,0.0215606117056759,1.949578402356744,google/fleurs
Punjabi,13,1.6045660200738467,0.0168696509315398,1.9280177906510685,google/fleurs
Punjabi,14,1.7279941754641426,0.0127279027664002,1.9111481397195285,google/fleurs
Punjabi,15,1.8514223308544384,0.0098520307080904,1.898420236953128,google/fleurs
Punjabi,16,1.9748504862447345,0.0066943444372464,1.8885682062450373,google/fleurs
Punjabi,17,2.0982786416350305,0.0049901783951138,1.881873861807792,google/fleurs
Punjabi,18,2.2217067970253264,0.003531571795895,1.8768836834126768,google/fleurs
Punjabi,19,2.345134952415622,0.0026367076509203,1.8733521116167824,google/fleurs
Punjabi,20,2.468563107805918,0.0020139045109159,1.870715403965862,google/fleurs
Latvian,1,0.1068823265646018,1.1799736859399066,5.086658534783866,google/fleurs
Latvian,2,0.2137646531292037,0.5692575464795282,3.90668484884396,google/fleurs
Latvian,3,0.3206469796938056,0.5761759374328803,3.337427302364431,google/fleurs
Latvian,4,0.4275293062584075,0.3405136444586221,2.761251364931551,google/fleurs
Latvian,5,0.5344116328230094,0.184613199307047,2.420737720472929,google/fleurs
Latvian,6,0.6412939593876112,0.1260401406617006,2.236124521165882,google/fleurs
Latvian,7,0.7481762859522132,0.0903593821241135,2.110084380504181,google/fleurs
Latvian,8,0.855058612516815,0.0608981181020988,2.019724998380068,google/fleurs
Latvian,9,0.9619409390814168,0.0458037542685563,1.9588268802779687,google/fleurs
Latvian,10,1.0688232656460188,0.0340942040352678,1.9130231260094124,google/fleurs
Latvian,11,1.1757055922106208,0.0236985780816392,1.8789289219741443,google/fleurs
Latvian,12,1.2825879187752225,0.0185829226691149,1.8552303438925053,google/fleurs
Latvian,13,1.3894702453398244,0.0146392484832897,1.8366474212233903,google/fleurs
Latvian,14,1.4963525719044264,0.0103968490288415,1.8220081727401003,google/fleurs
Latvian,15,1.603234898469028,0.0077713020352931,1.811611323711259,google/fleurs
Latvian,16,1.71011722503363,0.0054330609381183,1.8038400216759656,google/fleurs
Latvian,17,1.816999551598232,0.0045712875774619,1.7984069607378474,google/fleurs
Latvian,18,1.9238818781628333,0.0031315408572387,1.7938356731603855,google/fleurs
Latvian,19,2.030764204727436,0.0024403143441658,1.7907041323031467,google/fleurs
Latvian,20,2.1376465312920376,0.0017520993764816,1.788263817958981,google/fleurs
Oromo,1,0.1128433710658022,1.4847678373620623,4.757120122629755,google/fleurs
Oromo,2,0.2256867421316045,0.4935180259041369,3.2723522852676923,google/fleurs
Oromo,3,0.3385301131974069,0.3742255736000697,2.778834259363556,google/fleurs
Oromo,4,0.4513734842632091,0.225180594150161,2.4046086857634856,google/fleurs
Oromo,5,0.5642168553290114,0.1211254900562037,2.1794280916133246,google/fleurs
Oromo,6,0.6770602263948138,0.0493957271020133,2.058302601557121,google/fleurs
Oromo,7,0.789903597460616,0.0373700664916436,2.0089068744551075,google/fleurs
Oromo,8,0.9027469685264184,0.0253308462279184,1.971536807963464,google/fleurs
Oromo,9,1.0155903395922206,0.0221233778386324,1.9462059617355447,google/fleurs
Oromo,10,1.128433710658023,0.0179709244390484,1.924082583896913,google/fleurs
Oromo,11,1.2412770817238252,0.012149247080698,1.9061116594578644,google/fleurs
Oromo,12,1.3541204527896276,0.0109069145264417,1.8939624123771663,google/fleurs
Oromo,13,1.46696382385543,0.0082237376632476,1.8830554978507248,google/fleurs
Oromo,14,1.579807194921232,0.0057463248483629,1.8748317601874769,google/fleurs
Oromo,15,1.6926505659870343,0.0052122207539309,1.869085435339114,google/fleurs
Oromo,16,1.805493937052837,0.0034209817584114,1.863873214585183,google/fleurs
Oromo,17,1.918337308118639,0.0030750666860528,1.860452232826772,google/fleurs
Oromo,18,2.031180679184441,0.0021721710924778,1.8573771661407188,google/fleurs
Oromo,19,2.1440240502502435,0.0019079394896799,1.855204995048241,google/fleurs
Oromo,20,2.256867421316046,0.0014585950970542,1.853297055558561,google/fleurs
Hindi,1,0.1156278181709697,1.5950406641038102,5.683415632719082,google/fleurs
Hindi,2,0.2312556363419395,0.7492191988282184,4.088374968615272,google/fleurs
Hindi,3,0.3468834545129092,0.5499728894551548,3.339155769787053,google/fleurs
Hindi,4,0.462511272683879,0.3012784586763048,2.7891828803318983,google/fleurs
Hindi,5,0.5781390908548487,0.1325934767683572,2.487904421655593,google/fleurs
Hindi,6,0.6937669090258185,0.071563995088816,2.355310944887236,google/fleurs
Hindi,7,0.8093947271967882,0.0538993347225122,2.28374694979842,google/fleurs
Hindi,8,0.925022545367758,0.0360439229937208,2.229847615075908,google/fleurs
Hindi,9,1.0406503635387276,0.0311468722565164,2.193803692082187,google/fleurs
Hindi,10,1.1562781817096974,0.0251178504492579,2.1626568198256706,google/fleurs
Hindi,11,1.2719059998806672,0.0202994913347196,2.1375389693764126,google/fleurs
Hindi,12,1.387533818051637,0.0151124892933443,2.117239478041693,google/fleurs
Hindi,13,1.5031616362226068,0.0100202724577393,2.1021269887483487,google/fleurs
Hindi,14,1.6187894543935764,0.0083808132307234,2.0921067162906093,google/fleurs
Hindi,15,1.734417272564546,0.0062666324089475,2.083725903059886,google/fleurs
Hindi,16,1.850045090735516,0.0045783997863924,2.0774592706509383,google/fleurs
Hindi,17,1.9656729089064853,0.0034860066659638,2.072880870864546,google/fleurs
Hindi,18,2.081300727077456,0.0025841587795882,2.069394864198582,google/fleurs
Hindi,19,2.1969285452484253,0.0021401344938647,2.0668107054189937,google/fleurs
Hindi,20,2.312556363419395,0.0015034414300951,2.064670570925129,google/fleurs
Galician,1,0.0975040196451018,1.3245292891882374,4.980242162629019,google/fleurs
Galician,2,0.1950080392902037,0.4766895557523791,3.6557128734407818,google/fleurs
Galician,3,0.2925120589353056,0.446536782344312,3.179023317688402,google/fleurs
Galician,4,0.3900160785804075,0.3014980781084775,2.7324865353440906,google/fleurs
Galician,5,0.4875200982255093,0.1550926836584421,2.430988457235613,google/fleurs
Galician,6,0.5850241178706113,0.1063129064261869,2.275895773577171,google/fleurs
Galician,7,0.6825281375157131,0.0835334995951515,2.169582867150984,google/fleurs
Galician,8,0.780032157160815,0.061368617289093,2.0860493675558325,google/fleurs
Galician,9,0.8775361768059169,0.0484249568509842,2.0246807502667394,google/fleurs
Galician,10,0.9750401964510188,0.0340845327852108,1.9762557934157552,google/fleurs
Galician,11,1.0725442160961205,0.0235030218352521,1.9421712606305443,google/fleurs
Galician,12,1.1700482357412223,0.0177173705474165,1.918668238795292,google/fleurs
Galician,13,1.2675522553863243,0.0149983287827057,1.900950868247876,google/fleurs
Galician,14,1.365056275031426,0.0105028614396631,1.88595253946517,google/fleurs
Galician,15,1.462560294676528,0.0083534037092714,1.8754496780255068,google/fleurs
Galician,16,1.56006431432163,0.0063949726761571,1.867096274316236,google/fleurs
Galician,17,1.6575683339667318,0.0047572205979737,1.8607013016400784,google/fleurs
Galician,18,1.7550723536118338,0.0036702779688557,1.8559440810421044,google/fleurs
Galician,19,1.852576373256936,0.0027359059584506,1.8522738030732488,google/fleurs
Galician,20,1.9500803929020367,0.0021974701701876,1.849537897114798,google/fleurs
Macedonian,1,0.1003575732589115,1.49669572647824,5.186914220372525,google/fleurs
Macedonian,2,0.2007151465178231,0.5163447456164976,3.690218493894285,google/fleurs
Macedonian,3,0.3010727197767348,0.5018960005272688,3.173873748277788,google/fleurs
Macedonian,4,0.4014302930356463,0.3168870229804295,2.671977747750519,google/fleurs
Macedonian,5,0.501787866294558,0.1730889675927334,2.3550907247700894,google/fleurs
Macedonian,6,0.6021454395534696,0.1142362630320454,2.182001757177356,google/fleurs
Macedonian,7,0.7025030128123811,0.0784187465186478,2.0677654941453105,google/fleurs
Macedonian,8,0.8028605860712927,0.0611770164729437,1.9893467476266624,google/fleurs
Macedonian,9,0.9032181593302044,0.0420489093065388,1.928169731153719,google/fleurs
Macedonian,10,1.003575732589116,0.0305266582383259,1.88612082184718,google/fleurs
Macedonian,11,1.1039333058480274,0.022482559878356,1.8555941636088544,google/fleurs
Macedonian,12,1.204290879106939,0.0173348137935067,1.8331116037304984,google/fleurs
Macedonian,13,1.3046484523658508,0.0134627842209713,1.815776789936992,google/fleurs
Macedonian,14,1.4050060256247623,0.0095378994023487,1.80231400571602,google/fleurs
Macedonian,15,1.5053635988836738,0.0076682938851071,1.7927761063136711,google/fleurs
Macedonian,16,1.6057211721425857,0.0054890263383904,1.7851078124285642,google/fleurs
Macedonian,17,1.7060787454014972,0.0043292711523268,1.7796187860901738,google/fleurs
Macedonian,18,1.8064363186604089,0.0029450705267288,1.775289514937847,google/fleurs
Macedonian,19,1.90679389191932,0.002157276562176,1.772344444411118,google/fleurs
Macedonian,20,2.007151465178232,0.0016934993582629,1.770187167848942,google/fleurs
Urdu,1,0.1233023780220158,1.1793279371371377,5.316638716387002,google/fleurs
Urdu,2,0.2466047560440317,0.6402675481972633,4.137310779249865,google/fleurs
Urdu,3,0.3699071340660476,0.5518184439741862,3.4970432310526016,google/fleurs
Urdu,4,0.4932095120880634,0.312234810364842,2.9452247870784154,google/fleurs
Urdu,5,0.6165118901100792,0.1766964795213641,2.6329899767135734,google/fleurs
Urdu,6,0.7398142681320952,0.1050543656524358,2.456293497192209,google/fleurs
Urdu,7,0.863116646154111,0.0805352457754224,2.3512391315397734,google/fleurs
Urdu,8,0.9864190241761268,0.0649160709687231,2.270703885764351,google/fleurs
Urdu,9,1.1097214021981427,0.0460723020599509,2.205787814795628,google/fleurs
Urdu,10,1.2330237802201585,0.0350393907545956,2.159715512735677,google/fleurs
Urdu,11,1.3563261582421744,0.0270255896253313,2.124676121981081,google/fleurs
Urdu,12,1.4796285362641903,0.0208621159281685,2.09765053235575,google/fleurs
Urdu,13,1.602930914286206,0.0152687914088875,2.0767884164275814,google/fleurs
Urdu,14,1.726233292308222,0.0112774921104499,2.061519625018694,google/fleurs
Urdu,15,1.8495356703302377,0.0085753093874836,2.050242132908244,google/fleurs
Urdu,16,1.9728380483522536,0.0064919732662374,2.04166682352076,google/fleurs
Urdu,17,2.0961404263742693,0.0045786857084113,2.035174850254523,google/fleurs
Urdu,18,2.219442804396285,0.0034297841878165,2.0305961645461115,google/fleurs
Urdu,19,2.342745182418301,0.0027573954247621,2.027166380358295,google/fleurs
Urdu,20,2.466047560440317,0.0020176569716601,2.0244089849335327,google/fleurs
Khmer,1,0.1159893414541301,1.982133472629957,6.149464046639437,google/fleurs
Khmer,2,0.2319786829082603,1.0084582629436194,4.16733057400948,google/fleurs
Khmer,3,0.3479680243623905,0.5625118732280034,3.1588723110658603,google/fleurs
Khmer,4,0.4639573658165207,0.2647869781642438,2.596360437837857,google/fleurs
Khmer,5,0.5799467072706509,0.0923749802332309,2.331573459673613,google/fleurs
Khmer,6,0.695936048724781,0.0524768134162552,2.239198479440382,google/fleurs
Khmer,7,0.8119253901789112,0.0298714551577594,2.186721666024127,google/fleurs
Khmer,8,0.9279147316330414,0.0204211514246037,2.1568502108663674,google/fleurs
Khmer,9,1.0439040730871716,0.0154502942297032,2.136429059441764,google/fleurs
Khmer,10,1.1598934145413018,0.0095162960341048,2.1209787652120604,google/fleurs
Khmer,11,1.275882755995432,0.0085184197332788,2.1114624691779555,google/fleurs
Khmer,12,1.391872097449562,0.0047568272849223,2.1029440494446767,google/fleurs
Khmer,13,1.5078614389036922,0.0048978836179713,2.0981872221597544,google/fleurs
Khmer,14,1.6238507803578224,0.0038108345421989,2.093289338541783,google/fleurs
Khmer,15,1.7398401218119526,0.0030010886711933,2.089478503999584,google/fleurs
Khmer,16,1.8558294632660828,0.0020412462735155,2.0864774153283907,google/fleurs
Khmer,17,1.971818804720213,0.0015359079152466,2.084436169054875,google/fleurs
Khmer,18,2.087808146174343,0.0009999196798631,2.082900261139629,google/fleurs
Khmer,19,2.2037974876284734,0.0008232037654352,2.081900341459765,google/fleurs
Khmer,20,2.319786829082604,0.000490644592888,2.0810771376943302,google/fleurs
Estonian,1,0.1010009025054509,1.1978003311823855,4.875701086257476,google/fleurs
Estonian,2,0.2020018050109019,0.3988822451115177,3.6779007550750906,google/fleurs
Estonian,3,0.3030027075163529,0.4767982065739669,3.279018509963573,google/fleurs
Estonian,4,0.4040036100218039,0.2964393277349968,2.802220303389606,google/fleurs
Estonian,5,0.5050045125272549,0.1571976912452091,2.505780975654609,google/fleurs
Estonian,6,0.6060054150327059,0.1003755091655143,2.3485832844094,google/fleurs
Estonian,7,0.7070063175381568,0.0800093529171062,2.248207775243886,google/fleurs
Estonian,8,0.8080072200436078,0.0528027207502423,2.16819842232678,google/fleurs
Estonian,9,0.9090081225490588,0.0384631072170731,2.115395701576537,google/fleurs
Estonian,10,1.0100090250545095,0.0291672862707033,2.076932594359464,google/fleurs
Estonian,11,1.1110099275599608,0.0223886137459032,2.047765308088761,google/fleurs
Estonian,12,1.2120108300654118,0.0160565538764712,2.025376694342857,google/fleurs
Estonian,13,1.3130117325708628,0.0116318957537837,2.0093201404663863,google/fleurs
Estonian,14,1.4140126350763136,0.0089545618002091,1.9976882447126023,google/fleurs
Estonian,15,1.5150135375817646,0.0067328727416253,1.9887336829123927,google/fleurs
Estonian,16,1.6160144400872156,0.0045489966647398,1.982000810170768,google/fleurs
Estonian,17,1.7170153425926666,0.0036638661666532,1.977451813506028,google/fleurs
Estonian,18,1.8180162450981177,0.0025989641323724,1.973787947339375,google/fleurs
Estonian,19,1.9190171476035685,0.0021857542566459,1.9711889832070024,google/fleurs
Estonian,20,2.0200180501090195,0.0014104825251963,1.9690032289503565,google/fleurs
Cantonese Chinese,1,0.4017326019363482,2.362468479825459,12.265053753957726,google/fleurs
Cantonese Chinese,2,0.8034652038726965,2.457049081703075,9.902585274132267,google/fleurs
Cantonese Chinese,3,1.205197805809045,0.0807305074899487,7.445536192429192,google/fleurs
Cantonese Chinese,4,1.606930407745393,0.939864837808318,7.364805684939244,google/fleurs
Cantonese Chinese,5,2.008663009681741,0.122027856113867,6.424940847130926,google/fleurs
Cantonese Chinese,6,2.4103956116180894,0.2635210749323864,6.302912991017059,google/fleurs
Cantonese Chinese,7,2.8121282135544377,0.0813772439590501,6.039391916084672,google/fleurs
Cantonese Chinese,8,3.213860815490786,0.0777512604249697,5.958014672125622,google/fleurs
Cantonese Chinese,9,3.6155934174271342,0.0423093028884551,5.8802634117006525,google/fleurs
Cantonese Chinese,10,4.017326019363482,0.0329561078117777,5.837954108812197,google/fleurs
Japanese,1,0.2383823529411764,3.0314366051932184,8.704438577143572,google/fleurs
Japanese,2,0.4767647058823529,1.0868625673054453,5.673001971950353,google/fleurs
Japanese,3,0.7151470588235294,0.4292014501702699,4.586139404644908,google/fleurs
Japanese,4,0.9535294117647058,0.1959706979897872,4.156937954474638,google/fleurs
Japanese,5,1.1919117647058823,0.1220233043602152,3.960967256484851,google/fleurs
Japanese,6,1.4302941176470587,0.0732239115607744,3.838943952124636,google/fleurs
Japanese,7,1.668676470588235,0.0483794409814328,3.765720040563861,google/fleurs
Japanese,8,1.907058823529412,0.0326750612459876,3.717340599582428,google/fleurs
Japanese,9,2.1454411764705883,0.022229586467549,3.6846655383364406,google/fleurs
Japanese,10,2.3838235294117647,0.0158642442121723,3.662435951868892,google/fleurs
Lao,1,0.1308246564868329,2.0151149698857105,6.011233211341459,google/fleurs
Lao,2,0.2616493129736658,0.9978866413757754,3.996118241455748,google/fleurs
Lao,3,0.3924739694604987,0.5652459781540209,2.998231600079973,google/fleurs
Lao,4,0.5232986259473317,0.2680084009682586,2.432985621925952,google/fleurs
Lao,5,0.6541232824341646,0.1276537070015004,2.1649772209576934,google/fleurs
Lao,6,0.7849479389209975,0.0750027609034758,2.037323513956193,google/fleurs
Lao,7,0.9157725954078304,0.0539338868353074,1.9623207530527167,google/fleurs
Lao,8,1.0465972518946631,0.0434875281690656,1.9083868662174093,google/fleurs
Lao,9,1.1774219083814963,0.0294742919022732,1.864899338048344,google/fleurs
Lao,10,1.3082465648683292,0.0216246284750813,1.8354250461460708,google/fleurs
Lao,11,1.4390712213551622,0.0168411601052382,1.8138004176709888,google/fleurs
Lao,12,1.569895877841995,0.0115787635979403,1.7969592575657511,google/fleurs
Lao,13,1.700720534328828,0.0093155216228444,1.7853804939678108,google/fleurs
Lao,14,1.8315451908156608,0.0072018633496331,1.7760649723449664,google/fleurs
Lao,15,1.9623698473024933,0.0052970303605066,1.7688631089953333,google/fleurs
Lao,16,2.0931945037893267,0.0038287225502147,1.7635660786348266,google/fleurs
Lao,17,2.22401916027616,0.0029428834769313,1.759737356084612,google/fleurs
Lao,18,2.3548438167629926,0.0021070056663099,1.7567944726076803,google/fleurs
Lao,19,2.485668473249825,0.0015381043636011,1.7546874669413706,google/fleurs
Lao,20,2.6164931297366585,0.0013438980008402,1.7531493625777694,google/fleurs
English (US),1,0.100706937440812,1.0844337820798104,4.853054885974969,google/fleurs
English (US),2,0.201413874881624,0.5385961035632572,3.768621103895159,google/fleurs
English (US),3,0.302120812322436,0.519931444191748,3.230025000331901,google/fleurs
English (US),4,0.402827749763248,0.2847212160886441,2.7100935561401536,google/fleurs
English (US),5,0.50353468720406,0.1415868395767097,2.425372340051509,google/fleurs
English (US),6,0.604241624644872,0.0810610858915645,2.2837855004748,google/fleurs
English (US),7,0.7049485620856839,0.0578223035080762,2.202724414583235,google/fleurs
English (US),8,0.805655499526496,0.0507026249365671,2.144902111075159,google/fleurs
English (US),9,0.906362436967308,0.0376155226519667,2.094199486138592,google/fleurs
English (US),10,1.00706937440812,0.0278253632873273,2.056583963486625,google/fleurs
English (US),11,1.107776311848932,0.0230113174953014,2.0287586001992977,google/fleurs
English (US),12,1.208483249289744,0.0177694447056824,2.005747282703996,google/fleurs
English (US),13,1.309190186730556,0.0116948482357044,1.9879778379983133,google/fleurs
English (US),14,1.4098971241713678,0.0106059370207569,1.9762829897626093,google/fleurs
English (US),15,1.51060406161218,0.0073918965931434,1.9656770527418523,google/fleurs
English (US),16,1.611310999052992,0.0050402544638761,1.958285156148709,google/fleurs
English (US),17,1.712017936493804,0.0040865124301636,1.9532449016848328,google/fleurs
English (US),18,1.812724873934616,0.0030589866518857,1.949158389254669,google/fleurs
English (US),19,1.913431811375428,0.0021944147736148,1.946099402602784,google/fleurs
English (US),20,2.01413874881624,0.0015504004900772,1.9439049878291683,google/fleurs
Asturian,1,0.1041555037388437,1.331643135722084,4.999695835144672,google/fleurs
Asturian,2,0.2083110074776875,0.4578868070561332,3.668052699422588,google/fleurs
Asturian,3,0.3124665112165313,0.4784019304364113,3.2101658923664544,google/fleurs
Asturian,4,0.4166220149553751,0.3122450879964318,2.731763961930043,google/fleurs
Asturian,5,0.5207775186942188,0.167032322489526,2.419518873933612,google/fleurs
Asturian,6,0.6249330224330627,0.0991197892548156,2.2524865514440853,google/fleurs
Asturian,7,0.7290885261719064,0.0702351593226757,2.1533667621892696,google/fleurs
Asturian,8,0.8332440299107502,0.0610460076872021,2.083131602866594,google/fleurs
Asturian,9,0.937399533649594,0.0417652659646661,2.022085595179392,google/fleurs
Asturian,10,1.0415550373884377,0.0314883533148657,1.9803203292147256,google/fleurs
Asturian,11,1.1457105411272814,0.023510192701917,1.94883197589986,google/fleurs
Asturian,12,1.2498660448661254,0.0162029150915583,1.9253217831979428,google/fleurs
Asturian,13,1.3540215486049691,0.0128637608025912,1.9091188681063844,google/fleurs
Asturian,14,1.458177052343813,0.0090145384104962,1.8962551073037928,google/fleurs
Asturian,15,1.5623325560826566,0.007358047335422,1.887240568893297,google/fleurs
Asturian,16,1.6664880598215004,0.0058276974725517,1.879882521557875,google/fleurs
Asturian,17,1.770643563560344,0.004585032587441,1.8740548240853232,google/fleurs
Asturian,18,1.874799067299188,0.0034572836975961,1.8694697914978824,google/fleurs
Asturian,19,1.978954571038032,0.0026213592042749,1.866012507800286,google/fleurs
Asturian,20,2.083110074776876,0.0018097273049888,1.863391148596011,google/fleurs
Slovenian,1,0.1082137596962655,1.1327747740996434,4.91979265006419,google/fleurs
Slovenian,2,0.216427519392531,0.4634303828773132,3.7870178759645454,google/fleurs
Slovenian,3,0.3246412790887965,0.504013051802398,3.3235874930872336,google/fleurs
Slovenian,4,0.432855038785062,0.3517886320118339,2.819574441284836,google/fleurs
Slovenian,5,0.5410687984813276,0.2154808301183228,2.4677858092730016,google/fleurs
Slovenian,6,0.6492825581775931,0.147153572081772,2.2523049791546788,google/fleurs
Slovenian,7,0.7574963178738585,0.1054106269713497,2.1051514070729067,google/fleurs
Slovenian,8,0.8657100775701241,0.0756317739771561,1.999740780101557,google/fleurs
Slovenian,9,0.9739238372663896,0.0560551145082095,1.9241090061244008,google/fleurs
Slovenian,10,1.0821375969626552,0.0393324854166652,1.8680538916161915,google/fleurs
Slovenian,11,1.1903513566589206,0.0293845039505624,1.828721406199526,google/fleurs
Slovenian,12,1.298565116355186,0.0227817275616939,1.7993369022489636,google/fleurs
Slovenian,13,1.4067788760514517,0.0176317280357307,1.7765551746872696,google/fleurs
Slovenian,14,1.514992635747717,0.0125582397503283,1.7589234466515389,google/fleurs
Slovenian,15,1.6232063954439826,0.008908759948931,1.7463652069012106,google/fleurs
Slovenian,16,1.7314201551402482,0.0065762401554072,1.7374564469522795,google/fleurs
Slovenian,17,1.8396339148365133,0.0047724034058849,1.7308802067968725,google/fleurs
Slovenian,18,1.9478476745327795,0.003570776030183,1.7261078033909871,google/fleurs
Slovenian,19,2.056061434229045,0.0026947084211406,1.7225370273608045,google/fleurs
Slovenian,20,2.1642751939253104,0.0020553132075389,1.7198423189396637,google/fleurs
Filipino,1,0.1167740304326708,1.5771101517804371,4.812146065589739,google/fleurs
Filipino,2,0.2335480608653417,0.3511113840833801,3.235035913809302,google/fleurs
Filipino,3,0.3503220912980125,0.404708317809983,2.8839245297259217,google/fleurs
Filipino,4,0.4670961217306834,0.3001819287104785,2.4792162119159387,google/fleurs
Filipino,5,0.5838701521633543,0.1328435409624564,2.17903428320546,google/fleurs
Filipino,6,0.7006441825960251,0.0616002691210728,2.046190742243004,google/fleurs
Filipino,7,0.817418213028696,0.0406579157596234,1.9845904731219308,google/fleurs
Filipino,8,0.9341922434613668,0.0247366556538208,1.943932557362308,google/fleurs
Filipino,9,1.0509662738940375,0.0220488282821402,1.9191959017084863,google/fleurs
Filipino,10,1.1677403043267085,0.0145607653018964,1.8971470734263465,google/fleurs
Filipino,11,1.2845143347593797,0.0094758042670664,1.8825863081244496,google/fleurs
Filipino,12,1.4012883651920502,0.0094497484263376,1.873110503857384,google/fleurs
Filipino,13,1.5180623956247212,0.0087345706021064,1.8636607554310456,google/fleurs
Filipino,14,1.634836426057392,0.004672538626627,1.85492618482894,google/fleurs
Filipino,15,1.751610456490063,0.0039253504039209,1.8502536462023125,google/fleurs
Filipino,16,1.8683844869227333,0.0035294200048068,1.8463282957983915,google/fleurs
Filipino,17,1.9851585173554045,0.0034111172335837,1.8427988757935845,google/fleurs
Filipino,18,2.1019325477880755,0.0031272576573309,1.8393877585600007,google/fleurs
Filipino,19,2.2187065782207465,0.0020221141252771,1.8362605009026696,google/fleurs
Filipino,20,2.335480608653417,0.0013098247246181,1.8342383867773928,google/fleurs
Dutch,1,0.0828187113700031,1.2154423634552582,4.8564634465509,google/fleurs
Dutch,2,0.1656374227400062,0.5485576761732154,3.6410210830956418,google/fleurs
Dutch,3,0.2484561341100093,0.5130459874597659,3.0924634069224264,google/fleurs
Dutch,4,0.3312748454800124,0.304174884991748,2.5794174194626605,google/fleurs
Dutch,5,0.4140935568500156,0.1704436970829426,2.2752425344709124,google/fleurs
Dutch,6,0.4969122682200186,0.0976446013861767,2.10479883738797,google/fleurs
Dutch,7,0.5797309795900218,0.0745882870386724,2.007154236001793,google/fleurs
Dutch,8,0.6625496909600249,0.0617402123001655,1.9325659489631208,google/fleurs
Dutch,9,0.745368402330028,0.0441693149043753,1.870825736662955,google/fleurs
Dutch,10,0.8281871137000312,0.0352927861252472,1.82665642175858,google/fleurs
Dutch,11,0.9110058250700342,0.0287925602053151,1.7913636356333325,google/fleurs
Dutch,12,0.9938245364400372,0.0231941450301629,1.7625710754280173,google/fleurs
Dutch,13,1.0766432478100405,0.0160884408381822,1.7393769303978543,google/fleurs
Dutch,14,1.1594619591800437,0.0114077296337862,1.723288489559672,google/fleurs
Dutch,15,1.2422806705500469,0.0084981751286636,1.7118807599258858,google/fleurs
Dutch,16,1.3250993819200498,0.0060355343353846,1.7033825847972222,google/fleurs
Dutch,17,1.407918093290053,0.0043239806375057,1.6973470504618375,google/fleurs
Dutch,18,1.490736804660056,0.0036311959283523,1.6930230698243318,google/fleurs
Dutch,19,1.5735555160300592,0.002837640562636,1.6893918738959794,google/fleurs
Dutch,20,1.6563742274000623,0.0022367515658789,1.6865542333333434,google/fleurs
Swedish,1,0.1210341822407281,1.196213008580015,4.955591110872687,google/fleurs
Swedish,2,0.2420683644814563,0.5803454071500251,3.759378102292672,google/fleurs
Swedish,3,0.3631025467221845,0.4707282134251214,3.179032695142648,google/fleurs
Swedish,4,0.4841367289629127,0.3489174513654007,2.708304481717526,google/fleurs
Swedish,5,0.605170911203641,0.1958850329217072,2.359387030352125,google/fleurs
Swedish,6,0.7262050934443691,0.1193914628840779,2.163501997430418,google/fleurs
Swedish,7,0.8472392756850974,0.0908328484630895,2.04411053454634,google/fleurs
Swedish,8,0.9682734579258256,0.078513917104718,1.9532776860832504,google/fleurs
Swedish,9,1.0893076401665538,0.0537332385052515,1.8747637689785324,google/fleurs
Swedish,10,1.210341822407282,0.0384738356502616,1.8210305304732808,google/fleurs
Swedish,11,1.33137600464801,0.0280971691323639,1.7825566948230191,google/fleurs
Swedish,12,1.4524101868887382,0.021912366328646,1.7544595256906552,google/fleurs
Swedish,13,1.5734443691294664,0.0161208894949511,1.7325471593620092,google/fleurs
Swedish,14,1.6944785513701948,0.0123630121528497,1.716426269867058,google/fleurs
Swedish,15,1.815512733610923,0.0084513430435915,1.7040632577142083,google/fleurs
Swedish,16,1.936546915851651,0.0066318726574179,1.6956119146706168,google/fleurs
Swedish,17,2.0575810980923794,0.005001584997005,1.6889800420131988,google/fleurs
Swedish,18,2.178615280333108,0.0037811282477957,1.6839784570161938,google/fleurs
Swedish,19,2.299649462573836,0.0028822908830143,1.680197328768398,google/fleurs
Swedish,20,2.420683644814564,0.0021036015104884,1.6773150378853836,google/fleurs
Telugu,1,0.1207170909090909,1.8096662133682264,5.778220218113755,google/fleurs
Telugu,2,0.2414341818181818,0.8322971433837134,3.968554004745529,google/fleurs
Telugu,3,0.3621512727272727,0.634076456628403,3.136256861361815,google/fleurs
Telugu,4,0.4828683636363636,0.3534841109063871,2.502180404733412,google/fleurs
Telugu,5,0.6035854545454545,0.1871613327000449,2.148696293827025,google/fleurs
Telugu,6,0.7243025454545455,0.1204967039686446,1.96153496112698,google/fleurs
Telugu,7,0.8450196363636364,0.0737795103554483,1.841038257158336,google/fleurs
Telugu,8,0.9657367272727272,0.0554246464313237,1.767258746802887,google/fleurs
Telugu,9,1.0864538181818182,0.0416336110555544,1.7118341003715634,google/fleurs
Telugu,10,1.207170909090909,0.0345571860132161,1.670200489316009,google/fleurs
Telugu,11,1.327888,0.0254188125073753,1.6356433033027928,google/fleurs
Telugu,12,1.448605090909091,0.0205339714216965,1.6102244907954175,google/fleurs
Telugu,13,1.569322181818182,0.0144652177897226,1.589690519373721,google/fleurs
Telugu,14,1.6900392727272728,0.0109518861435413,1.5752253015839983,google/fleurs
Telugu,15,1.810756363636364,0.008182652584759,1.564273415440457,google/fleurs
Telugu,16,1.9314734545454544,0.0056788551344273,1.556090762855698,google/fleurs
Telugu,17,2.052190545454545,0.0044405390069663,1.5504119077212706,google/fleurs
Telugu,18,2.1729076363636364,0.003432946069757,1.5459713687143042,google/fleurs
Telugu,19,2.293624727272728,0.0025156983347665,1.542538422644547,google/fleurs
Telugu,20,2.414341818181818,0.0021431401327427,1.5400227243097806,google/fleurs
Korean,1,0.2736893717077082,2.2641827424086785,8.47979281956811,google/fleurs
Korean,2,0.5473787434154165,0.96595308068565,6.215610077159431,google/fleurs
Korean,3,0.8210681151231247,0.6053749934998196,5.249656996473781,google/fleurs
Korean,4,1.094757486830833,0.3452528205564,4.644282002973961,google/fleurs
Korean,5,1.3684468585385412,0.1682091418537155,4.299029182417561,google/fleurs
Korean,6,1.6421362302462494,0.1126801743305891,4.1308200405638456,google/fleurs
Korean,7,1.9158256019539577,0.0725818368687463,4.018139866233256,google/fleurs
Korean,8,2.189514973661666,0.0476167409773609,3.94555802936451,google/fleurs
Korean,9,2.463204345369374,0.0308640559090589,3.897941288387149,google/fleurs
Korean,10,2.7368937170770824,0.0213126543787209,3.86707723247809,google/fleurs
Russian,1,0.0980265878447246,1.5331520660314313,5.46031639203383,google/fleurs
Russian,2,0.1960531756894493,0.6013700293927422,3.927164326002399,google/fleurs
Russian,3,0.294079763534174,0.5595210297707109,3.3257942966096565,google/fleurs
Russian,4,0.3921063513788986,0.3299207735783525,2.7662732668389456,google/fleurs
Russian,5,0.4901329392236233,0.1609118214739084,2.436352493260593,google/fleurs
Russian,6,0.588159527068348,0.1033481868151882,2.2754406717866846,google/fleurs
Russian,7,0.6861861149130727,0.0730243119639348,2.1720924849714964,google/fleurs
Russian,8,0.7842127027577973,0.0506502299904725,2.099068173007561,google/fleurs
Russian,9,0.8822392906025219,0.0369359395495108,2.048417943017089,google/fleurs
Russian,10,0.9802658784472468,0.0265204689642291,2.011482003467578,google/fleurs
Russian,11,1.0782924662919713,0.0205658326942279,1.984961534503349,google/fleurs
Russian,12,1.176319054136696,0.0152629335016611,1.9643957018091207,google/fleurs
Russian,13,1.2743456419814203,0.0114799677637793,1.94913276830746,google/fleurs
Russian,14,1.3723722298261454,0.0094837077977851,1.9376528005436808,google/fleurs
Russian,15,1.47039881767087,0.0066288431851837,1.928169092745896,google/fleurs
Russian,16,1.5684254055155946,0.0049784283530567,1.921540249560712,google/fleurs
Russian,17,1.6664519933603192,0.003763106914379,1.916561821207655,google/fleurs
Russian,18,1.764478581205044,0.0027267009226188,1.912798714293276,google/fleurs
Russian,19,1.8625051690497687,0.0021318618748593,1.910072013370657,google/fleurs
Russian,20,1.960531756894493,0.001513501955582,1.9079401514957977,google/fleurs
Spanish (Latin America),1,0.0929861650435392,1.3736520736055833,4.972918122554276,google/fleurs
Spanish (Latin America),2,0.1859723300870784,0.5055397518465079,3.5992660489486927,google/fleurs
Spanish (Latin America),3,0.2789584951306176,0.4797804742816853,3.093726297102185,google/fleurs
Spanish (Latin America),4,0.3719446601741568,0.3083959383133323,2.6139458228204995,google/fleurs
Spanish (Latin America),5,0.464930825217696,0.1669286246374595,2.305549884507167,google/fleurs
Spanish (Latin America),6,0.5579169902612353,0.1006422850316002,2.138621259869708,google/fleurs
Spanish (Latin America),7,0.6509031553047745,0.0743477892055393,2.0379789748381074,google/fleurs
Spanish (Latin America),8,0.7438893203483137,0.0582959560286771,1.963631185632568,google/fleurs
Spanish (Latin America),9,0.8368754853918529,0.0418591643114694,1.905335229603891,google/fleurs
Spanish (Latin America),10,0.929861650435392,0.034083289030917,1.8634760652924216,google/fleurs
Spanish (Latin America),11,1.022847815478931,0.0245974155212369,1.8293927762615043,google/fleurs
Spanish (Latin America),12,1.1158339805224706,0.0163383803328029,1.804795360740268,google/fleurs
Spanish (Latin America),13,1.2088201455660097,0.0129172571228872,1.7884569804074646,google/fleurs
Spanish (Latin America),14,1.301806310609549,0.0105359036730199,1.775539723284577,google/fleurs
Spanish (Latin America),15,1.394792475653088,0.0076812130522911,1.7650038196115574,google/fleurs
Spanish (Latin America),16,1.4877786406966274,0.0063553478825237,1.7573226065592662,google/fleurs
Spanish (Latin America),17,1.5807648057401666,0.0048627273663566,1.7509672586767424,google/fleurs
Spanish (Latin America),18,1.6737509707837055,0.0037326761212985,1.7461045313103858,google/fleurs
Spanish (Latin America),19,1.766737135827245,0.0025988971316657,1.7423718551890872,google/fleurs
Spanish (Latin America),20,1.859723300870784,0.0020203846457678,1.7397729580574215,google/fleurs
Luxembourgish,1,0.1058324329059953,1.29467112395866,4.989512932540988,google/fleurs
Luxembourgish,2,0.2116648658119907,0.5908132353361171,3.694841808582328,google/fleurs
Luxembourgish,3,0.3174972987179861,0.5098917402829088,3.104028573246211,google/fleurs
Luxembourgish,4,0.4233297316239815,0.3255823940686411,2.594136832963302,google/fleurs
Luxembourgish,5,0.5291621645299769,0.1724359210528958,2.268554438894661,google/fleurs
Luxembourgish,6,0.6349945974359723,0.1057711951790361,2.096118517841765,google/fleurs
Luxembourgish,7,0.7408270303419676,0.0791920571645268,1.990347322662729,google/fleurs
Luxembourgish,8,0.846659463247963,0.0551069169126019,1.9111552654982025,google/fleurs
Luxembourgish,9,0.9524918961539584,0.0425784491086971,1.8560483485856003,google/fleurs
Luxembourgish,10,1.0583243290599538,0.0332892307610375,1.8134698994769032,google/fleurs
Luxembourgish,11,1.1641567619659492,0.0252279019110452,1.7801806687158657,google/fleurs
Luxembourgish,12,1.2699891948719446,0.0194109968795845,1.7549527668048204,google/fleurs
Luxembourgish,13,1.37582162777794,0.0139611406312594,1.7355417699252358,google/fleurs
Luxembourgish,14,1.4816540606839352,0.0102583278261916,1.7215806292939764,google/fleurs
Luxembourgish,15,1.5874864935899309,0.0080815754664493,1.7113223014677847,google/fleurs
Luxembourgish,16,1.693318926495926,0.0055787492401613,1.7032407260013354,google/fleurs
Luxembourgish,17,1.7991513594019215,0.0042618097727551,1.697661976761174,google/fleurs
Luxembourgish,18,1.904983792307917,0.0033944104194072,1.6934001669884189,google/fleurs
Luxembourgish,19,2.010816225213912,0.0023574522280873,1.6900057565690116,google/fleurs
Luxembourgish,20,2.1166486581199075,0.001606312216414,1.6876483043409245,google/fleurs
Kannada,1,0.1103691148507659,1.749919328539668,5.658494243580531,google/fleurs
Kannada,2,0.2207382297015318,0.898373221477915,3.908574915040863,google/fleurs
Kannada,3,0.3311073445522978,0.5292687966600584,3.010201693562948,google/fleurs
Kannada,4,0.4414764594030637,0.2737308276556502,2.480932896902889,google/fleurs
Kannada,5,0.5518455742538296,0.1126095477146509,2.207202069247239,google/fleurs
Kannada,6,0.6622146891045956,0.0521113353358217,2.094592521532588,google/fleurs
Kannada,7,0.7725838039553615,0.0388555034361268,2.0424811861967664,google/fleurs
Kannada,8,0.8829529188061275,0.0326199453873667,2.00362568276064,google/fleurs
Kannada,9,0.9933220336568934,0.026239592538684,1.9710057373732728,google/fleurs
Kannada,10,1.1036911485076593,0.0224560967041653,1.9447661448345888,google/fleurs
Kannada,11,1.2140602633584252,0.0179714662285419,1.922310048130424,google/fleurs
Kannada,12,1.3244293782091912,0.0111300164332746,1.9043385819018808,google/fleurs
Kannada,13,1.434798493059957,0.0092736030896902,1.8932085654686068,google/fleurs
Kannada,14,1.545167607910723,0.0073783374833056,1.8839349623789168,google/fleurs
Kannada,15,1.655536722761489,0.0061403031948366,1.876556624895611,google/fleurs
Kannada,16,1.765905837612255,0.0039790227422176,1.8704163217007743,google/fleurs
Kannada,17,1.876274952463021,0.0033965725622624,1.8664372989585567,google/fleurs
Kannada,18,1.9866440673137868,0.0023221113226294,1.8630407263962945,google/fleurs
Kannada,19,2.097013182164553,0.0017281425751987,1.8607186150736648,google/fleurs
Kannada,20,2.2073822970153185,0.0013708934445402,1.858990472498466,google/fleurs
Turkish,1,0.1099228478296555,1.3310352226235755,5.018771144031325,google/fleurs
Turkish,2,0.219845695659311,0.626895797037053,3.687735921407749,google/fleurs
Turkish,3,0.3297685434889665,0.5581371300177222,3.060840124370696,google/fleurs
Turkish,4,0.439691391318622,0.3322231054348878,2.502702994352974,google/fleurs
Turkish,5,0.5496142391482776,0.1662785613771937,2.170479888918086,google/fleurs
Turkish,6,0.6595370869779331,0.1146369848392656,2.0042013275408923,google/fleurs
Turkish,7,0.7694599348075886,0.0802906967598207,1.8895643427016269,google/fleurs
Turkish,8,0.8793827826372441,0.0614289724865104,1.809273645941806,google/fleurs
Turkish,9,0.9893056304668996,0.0512687615400184,1.7478446734552957,google/fleurs
Turkish,10,1.0992284782965551,0.0346791950100195,1.696575911915277,google/fleurs
Turkish,11,1.2091513261262106,0.0252621164826591,1.6618967169052574,google/fleurs
Turkish,12,1.3190741739558662,0.0180469501162472,1.6366346004225982,google/fleurs
Turkish,13,1.4289970217855217,0.0131849443017975,1.618587650306351,google/fleurs
Turkish,14,1.5389198696151771,0.0107079439572412,1.6054027060045537,google/fleurs
Turkish,15,1.6488427174448328,0.0084509064493598,1.5946947620473122,google/fleurs
Turkish,16,1.7587655652744882,0.006589404262062,1.5862438555979523,google/fleurs
Turkish,17,1.868688413104144,0.0050042379710213,1.5796544513358903,google/fleurs
Turkish,18,1.9786112609338,0.0035390457673796,1.574650213364869,google/fleurs
Turkish,19,2.088534108763455,0.0029153644270718,1.5711111675974894,google/fleurs
Turkish,20,2.1984569565931102,0.0019895415087938,1.5681958031704175,google/fleurs
Czech,1,0.1061679820361258,1.179226274717486,5.264144520463352,google/fleurs
Czech,2,0.2123359640722517,0.6020022346345799,4.0849182457458655,google/fleurs
Czech,3,0.3185039461083776,0.5697226446655232,3.4829160111112856,google/fleurs
Czech,4,0.4246719281445035,0.3297738823132063,2.9131933664457623,google/fleurs
Czech,5,0.5308399101806294,0.1876376301728997,2.583419484132556,google/fleurs
Czech,6,0.6370078922167552,0.1279649580716491,2.3957818539596563,google/fleurs
Czech,7,0.7431758742528811,0.0851743599552787,2.267816895888007,google/fleurs
Czech,8,0.849343856289007,0.0571344812129552,2.1826425359327284,google/fleurs
Czech,9,0.9555118383251328,0.0425613640361626,2.125508054719773,google/fleurs
Czech,10,1.0616798203612587,0.030787121759173,2.0829466906836105,google/fleurs
Czech,11,1.1678478023973846,0.0233963765628053,2.0521595689244374,google/fleurs
Czech,12,1.2740157844335105,0.0172982751099444,2.028763192361632,google/fleurs
Czech,13,1.3801837664696364,0.0130631210209137,2.011464917251688,google/fleurs
Czech,14,1.4863517485057622,0.0096474220514268,1.9984017962307736,google/fleurs
Czech,15,1.592519730541888,0.0071982033631854,1.988754374179347,google/fleurs
Czech,16,1.698687712578014,0.0053401216055286,1.9815561708161613,google/fleurs
Czech,17,1.80485569461414,0.0040865309857278,1.9762160492106329,google/fleurs
Czech,18,1.9110236766502653,0.0029298643450301,1.972129518224905,google/fleurs
Czech,19,2.017191658686392,0.0020903082379248,1.9691996538798748,google/fleurs
Czech,20,2.123359640722517,0.0015438322938123,1.96710934564195,google/fleurs
Tajik,1,0.1177271110013868,1.6358294561572886,5.423621038211303,google/fleurs
Tajik,2,0.2354542220027737,0.5775192727093836,3.787791582054015,google/fleurs
Tajik,3,0.3531813330041606,0.6146429048899966,3.210272309344631,google/fleurs
Tajik,4,0.4709084440055475,0.3658491021230055,2.5956294044546344,google/fleurs
Tajik,5,0.5886355550069344,0.1898986110539837,2.229780302331629,google/fleurs
Tajik,6,0.7063626660083213,0.1173126235951329,2.039881691277645,google/fleurs
Tajik,7,0.8240897770097082,0.0859158007429932,1.922569067682512,google/fleurs
Tajik,8,0.9418168880110952,0.0562162370008132,1.836653266939519,google/fleurs
Tajik,9,1.059543999012482,0.0446554260163287,1.7804370299387058,google/fleurs
Tajik,10,1.1772711100138689,0.0330958644349304,1.735781603922377,google/fleurs
Tajik,11,1.2949982210152555,0.0251645311631387,1.7026857394874466,google/fleurs
Tajik,12,1.4127253320166426,0.0202949364026781,1.6775212083243078,google/fleurs
Tajik,13,1.5304524430180295,0.0160467333935192,1.6572262719216295,google/fleurs
Tajik,14,1.6481795540194164,0.0121712186077191,1.6411795385281105,google/fleurs
Tajik,15,1.7659066650208033,0.0084503217173443,1.6290083199203913,google/fleurs
Tajik,16,1.8836337760221904,0.0071119776574908,1.620557998203047,google/fleurs
Tajik,17,2.0013608870235773,0.0050117101480984,1.613446020545556,google/fleurs
Tajik,18,2.119087998024964,0.0039080765849566,1.6084343103974577,google/fleurs
Tajik,19,2.2368151090263506,0.0029766345842061,1.604526233812501,google/fleurs
Tajik,20,2.3545422200277377,0.0021520205578589,1.6015495992282949,google/fleurs
Thai,1,0.1021598525838209,1.7060756927089535,5.949938514105891,google/fleurs
Thai,2,0.2043197051676418,1.057026905215576,4.243862821396937,google/fleurs
Thai,3,0.3064795577514628,0.6362274647549122,3.1868359161813613,google/fleurs
Thai,4,0.4086394103352837,0.293134198281948,2.550608451426449,google/fleurs
Thai,5,0.5107992629191047,0.147409644587888,2.257474253144501,google/fleurs
Thai,6,0.6129591155029256,0.0904078803046117,2.110064608556613,google/fleurs
Thai,7,0.7151189680867465,0.0592725475595281,2.0196567282520013,google/fleurs
Thai,8,0.8172788206705675,0.0425504780518217,1.960384180692473,google/fleurs
Thai,9,0.9194386732543884,0.0325454825583355,1.917833702640652,google/fleurs
Thai,10,1.0215985258382094,0.0224127043829007,1.885288220082316,google/fleurs
Thai,11,1.1237583784220302,0.0161879067227448,1.862875515699415,google/fleurs
Thai,12,1.2259182310058512,0.0117266102160784,1.8466876089766704,google/fleurs
Thai,13,1.3280780835896722,0.0080047689367201,1.834960998760592,google/fleurs
Thai,14,1.430237936173493,0.0067298166907523,1.8269562298238715,google/fleurs
Thai,15,1.532397788757314,0.0041159158437535,1.8202264131331192,google/fleurs
Thai,16,1.634557641341135,0.0038065956634769,1.8161104972893656,google/fleurs
Thai,17,1.736717493924956,0.0026515185583777,1.8123039016258888,google/fleurs
Thai,18,1.8388773465087769,0.0020255014507171,1.8096523830675109,google/fleurs
Thai,19,1.9410371990925976,0.001505127850405,1.8076268816167933,google/fleurs
Thai,20,2.043197051676419,0.0010649429075302,1.8061217537663887,google/fleurs
Tamil,1,0.1035419265787168,2.1275101257448674,5.572200205624844,google/fleurs
Tamil,2,0.2070838531574337,0.7588155061016,3.4446900798799764,google/fleurs
Tamil,3,0.3106257797361505,0.3493047476734197,2.6858745737783765,google/fleurs
Tamil,4,0.4141677063148674,0.2084776065041929,2.336569826104957,google/fleurs
Tamil,5,0.5177096328935842,0.115040651042344,2.128092219600764,google/fleurs
Tamil,6,0.621251559472301,0.0604187759301046,2.01305156855842,google/fleurs
Tamil,7,0.7247934860510179,0.0269918005125535,1.9526327926283151,google/fleurs
Tamil,8,0.8283354126297348,0.0231954610488478,1.9256409921157616,google/fleurs
Tamil,9,0.9318773392084516,0.0152698025557294,1.9024455310669133,google/fleurs
Tamil,10,1.0354192657871684,0.0121741289633814,1.8871757285111843,google/fleurs
Tamil,11,1.1389611923658851,0.012394939333876,1.8750015995478029,google/fleurs
Tamil,12,1.242503118944602,0.0089490345992244,1.8626066602139268,google/fleurs
Tamil,13,1.346045045523319,0.0063493495470656,1.8536576256147024,google/fleurs
Tamil,14,1.4495869721020358,0.0057316244538931,1.8473082760676367,google/fleurs
Tamil,15,1.5531288986807528,0.002986082228169,1.8415766516137435,google/fleurs
Tamil,16,1.6566708252594695,0.0032192499662146,1.8385905693855744,google/fleurs
Tamil,17,1.7602127518381865,0.002571116805812,1.83537131941936,google/fleurs
Tamil,18,1.8637546784169032,0.0018514194940262,1.832800202613548,google/fleurs
Tamil,19,1.96729660499562,0.0015801607347429,1.8309487831195213,google/fleurs
Tamil,20,2.0708385315743367,0.0013011661709037,1.8293686223847785,google/fleurs
Finnish,1,0.1016931239942591,1.2394776694544216,4.837729786746636,google/fleurs
Finnish,2,0.2033862479885182,0.4567992624905028,3.5982521172922146,google/fleurs
Finnish,3,0.3050793719827774,0.4973913984145373,3.141452854801712,google/fleurs
Finnish,4,0.4067724959770365,0.3231357188616828,2.6440614563871745,google/fleurs
Finnish,5,0.5084656199712957,0.1664034359577866,2.320925737525492,google/fleurs
Finnish,6,0.6101587439655548,0.1001109852678285,2.154522301567705,google/fleurs
Finnish,7,0.7118518679598139,0.0692322503338254,2.0544113162998765,google/fleurs
Finnish,8,0.813544991954073,0.0508105031817733,1.985179065966051,google/fleurs
Finnish,9,0.9152381159483322,0.035899803026429,1.9343685627842773,google/fleurs
Finnish,10,1.0169312399425914,0.0265742464959046,1.898468759757849,google/fleurs
Finnish,11,1.1186243639368505,0.0185551381928528,1.871894513261944,google/fleurs
Finnish,12,1.2203174879311096,0.013779644378,1.8533393750690912,google/fleurs
Finnish,13,1.3220106119253687,0.0105275170915721,1.8395597306910911,google/fleurs
Finnish,14,1.4237037359196278,0.0081832283567164,1.829032213599519,google/fleurs
Finnish,15,1.525396859913887,0.0060370521213095,1.8208489852428025,google/fleurs
Finnish,16,1.627089983908146,0.0043430369932591,1.814811933121493,google/fleurs
Finnish,17,1.7287831079024052,0.0036011752068501,1.8104688961282336,google/fleurs
Finnish,18,1.8304762318966643,0.0027225222431339,1.806867720921384,google/fleurs
Finnish,19,1.932169355890924,0.0019881713972396,1.8041451986782493,google/fleurs
Finnish,20,2.0338624798851828,0.0014601905244624,1.80215702728101,google/fleurs
Italian,1,0.0888212953869609,1.3585916618836222,4.922681280930673,google/fleurs
Italian,2,0.1776425907739219,0.48631609888182,3.564089619047051,google/fleurs
Italian,3,0.2664638861608829,0.4650313318604024,3.077773520165231,google/fleurs
Italian,4,0.3552851815478439,0.2993354434628696,2.6127421883048285,google/fleurs
Italian,5,0.4441064769348049,0.1523352148120711,2.313406744841959,google/fleurs
Italian,6,0.5329277723217658,0.0885953022990087,2.161071530029888,google/fleurs
Italian,7,0.6217490677087268,0.0608270612289736,2.072476227730879,google/fleurs
Italian,8,0.7105703630956878,0.0444607963307792,2.0116491665019054,google/fleurs
Italian,9,0.7993916584826487,0.0292695629507437,1.967188370171126,google/fleurs
Italian,10,0.8882129538696097,0.0255472642632665,1.9379188072203823,google/fleurs
Italian,11,0.9770342492565708,0.0183782814151132,1.912371542957116,google/fleurs
Italian,12,1.0658555446435316,0.0120926395009348,1.8939932615420023,google/fleurs
Italian,13,1.1546768400304923,0.0097223266756916,1.881900622041068,google/fleurs
Italian,14,1.2434981354174537,0.0073087961728892,1.872178295365376,google/fleurs
Italian,15,1.3323194308044146,0.0053167152585702,1.8648694991924868,google/fleurs
Italian,16,1.4211407261913755,0.0039957045987959,1.8595527839339163,google/fleurs
Italian,17,1.5099620215783365,0.0030904607981816,1.8555570793351208,google/fleurs
Italian,18,1.5987833169652974,0.002572847833048,1.852466618536939,google/fleurs
Italian,19,1.6876046123522586,0.0019911205871012,1.849893770703891,google/fleurs
Italian,20,1.7764259077392195,0.0013151109794962,1.8479026501167897,google/fleurs
Gujarati,1,0.1046797643429669,1.563008900834384,5.67198197226808,google/fleurs
Gujarati,2,0.2093595286859338,0.740601912945098,4.108973071433696,google/fleurs
Gujarati,3,0.3140392930289008,0.5003634940091506,3.368371158488598,google/fleurs
Gujarati,4,0.4187190573718677,0.2880901637409612,2.8680076644794474,google/fleurs
Gujarati,5,0.5233988217148347,0.1475069244149969,2.5799175007384862,google/fleurs
Gujarati,6,0.6280785860578016,0.0936843181609026,2.4324105763234893,google/fleurs
Gujarati,7,0.7327583504007686,0.0593868128895573,2.3387262581625867,google/fleurs
Gujarati,8,0.8374381147437355,0.0418190943325744,2.2793394452730293,google/fleurs
Gujarati,9,0.9421178790867024,0.0307370698201427,2.237520350940455,google/fleurs
Gujarati,10,1.0467976434296693,0.0267004754976794,2.206783281120312,google/fleurs
Gujarati,11,1.1514774077726364,0.0182923213721868,2.1800828056226327,google/fleurs
Gujarati,12,1.2561571721156033,0.0130764280410504,2.161790484250446,google/fleurs
Gujarati,13,1.3608369364585702,0.0102404404625766,2.148714056209396,google/fleurs
Gujarati,14,1.4655167008015373,0.0078261688174601,2.1384736157468187,google/fleurs
Gujarati,15,1.5701964651445042,0.0058128659080116,2.1306474469293586,google/fleurs
Gujarati,16,1.674876229487471,0.0047359587313828,2.124834581021347,google/fleurs
Gujarati,17,1.779555993830438,0.0033177283512473,2.120098622289964,google/fleurs
Gujarati,18,1.8842357581734048,0.0027281519687463,2.1167808939387167,google/fleurs
Gujarati,19,1.988915522516372,0.0018934452597849,2.1140527419699704,google/fleurs
Gujarati,20,2.0935952868593386,0.0014656404592141,2.112159296710185,google/fleurs
Vietnamese,1,0.1087581159444233,2.290112796526608,6.047528812262088,google/fleurs
Vietnamese,2,0.2175162318888467,0.5985722262448294,3.75741601573548,google/fleurs
Vietnamese,3,0.32627434783327,0.3123058503339355,3.1588437894906503,google/fleurs
Vietnamese,4,0.4350324637776934,0.2613635914147907,2.8465379391567147,google/fleurs
Vietnamese,5,0.5437905797221168,0.2103922151255077,2.585174347741924,google/fleurs
Vietnamese,6,0.6525486956665401,0.1294284526897833,2.374782132616416,google/fleurs
Vietnamese,7,0.7613068116109635,0.0875925302230009,2.245353679926633,google/fleurs
Vietnamese,8,0.8700649275553868,0.0535691067948076,2.157761149703632,google/fleurs
Vietnamese,9,0.97882304349981,0.0358226373767069,2.1041920429088243,google/fleurs
Vietnamese,10,1.0875811594442335,0.0264745119228742,2.0683694055321173,google/fleurs
Vietnamese,11,1.1963392753886568,0.0240202755997134,2.041894893609243,google/fleurs
Vietnamese,12,1.30509739133308,0.0207029672769223,2.0178746180095297,google/fleurs
Vietnamese,13,1.4138555072775034,0.0144521503808294,1.997171650732608,google/fleurs
Vietnamese,14,1.522613623221927,0.0110747216237745,1.982719500351778,google/fleurs
Vietnamese,15,1.6313717391663505,0.0078383495780942,1.971644778728004,google/fleurs
Vietnamese,16,1.7401298551107736,0.0065710708762716,1.963806429149909,google/fleurs
Vietnamese,17,1.8488879710551969,0.0048295220559848,1.9572353582736373,google/fleurs
Vietnamese,18,1.95764608699962,0.0037835913322872,1.9524058362176528,google/fleurs
Vietnamese,19,2.066404202944044,0.0026873871291319,1.9486222448853647,google/fleurs
Vietnamese,20,2.175162318888467,0.0019019875834336,1.9459348577562328,google/fleurs
Polish,1,0.1049077368389314,1.318692102495628,5.138451209168287,google/fleurs
Polish,2,0.2098154736778628,0.5498744178026138,3.819759106672659,google/fleurs
Polish,3,0.3147232105167943,0.5276574821072559,3.269884688870045,google/fleurs
Polish,4,0.4196309473557257,0.3323254996463234,2.7422272067627893,google/fleurs
Polish,5,0.5245386841946571,0.1848982649132899,2.409901707116466,google/fleurs
Polish,6,0.6294464210335886,0.1209924797944039,2.225003442203176,google/fleurs
Polish,7,0.73435415787252,0.0801597380565302,2.104010962408772,google/fleurs
Polish,8,0.8392618947114514,0.0611170028997805,2.0238512243522417,google/fleurs
Polish,9,0.9441696315503828,0.0405947543176761,1.9627342214524608,google/fleurs
Polish,10,1.0490773683893142,0.0278702334497691,1.922139467134785,google/fleurs
Polish,11,1.1539851052282455,0.0210737506197675,1.894269233685016,google/fleurs
Polish,12,1.2588928420671772,0.016640270351776,1.8731954830652484,google/fleurs
Polish,13,1.3638005789061085,0.0122215117431609,1.8565552127134723,google/fleurs
Polish,14,1.46870831574504,0.0096655373954872,1.844333700970312,google/fleurs
Polish,15,1.5736160525839713,0.0071835497239076,1.834668163574824,google/fleurs
Polish,16,1.6785237894229028,0.005338226102564,1.8274846138509164,google/fleurs
Polish,17,1.7834315262618343,0.0037600037316802,1.8221463877483524,google/fleurs
Polish,18,1.8883392631007656,0.0031462043722358,1.818386384016672,google/fleurs
Polish,19,1.993246999939697,0.00236426766295,1.815240179644436,google/fleurs
Polish,20,2.0981547367786284,0.0015571896528741,1.812875911981486,google/fleurs
Indonesian,1,0.1101576553519458,1.4738528396344348,4.823846923110056,google/fleurs
Indonesian,2,0.2203153107038916,0.3537511301335536,3.3499940834756208,google/fleurs
Indonesian,3,0.3304729660558375,0.4632709030720803,2.996242953342067,google/fleurs
Indonesian,4,0.4406306214077833,0.325279410231003,2.532972050269987,google/fleurs
Indonesian,5,0.5507882767597292,0.1639039628599183,2.207692640038984,google/fleurs
Indonesian,6,0.660945932111675,0.0778560593657251,2.043788677179065,google/fleurs
Indonesian,7,0.7711035874636207,0.0578438596187542,1.9659326178133405,google/fleurs
Indonesian,8,0.8812612428155666,0.0373739942300277,1.908088758194586,google/fleurs
Indonesian,9,0.9914188981675124,0.031762547426408,1.8707147639645585,google/fleurs
Indonesian,10,1.1015765535194584,0.0228065747522669,1.8389522165381504,google/fleurs
Indonesian,11,1.211734208871404,0.0202642927516727,1.8161456417858832,google/fleurs
Indonesian,12,1.32189186422335,0.0157579087061388,1.7958813490342105,google/fleurs
Indonesian,13,1.4320495195752958,0.0141087743712462,1.7801234403280717,google/fleurs
Indonesian,14,1.5422071749272417,0.0097569700414252,1.7660146659568254,google/fleurs
Indonesian,15,1.6523648302791871,0.006783411055405,1.7562576959154002,google/fleurs
Indonesian,16,1.7625224856311332,0.0051774676795808,1.7494742848599951,google/fleurs
Indonesian,17,1.8726801409830791,0.00369855496405,1.7442968171804143,google/fleurs
Indonesian,18,1.982837796335025,0.0031872620784854,1.7405982622163645,google/fleurs
Indonesian,19,2.0929954516869707,0.0025725689598521,1.7374110001378789,google/fleurs
Indonesian,20,2.2031531070389168,0.0019534526662459,1.7348384311780267,google/fleurs
Kyrgyz,1,0.108418524871355,1.7413245567943898,5.475251769165861,google/fleurs
Kyrgyz,2,0.2168370497427101,0.664451505235049,3.733927212371471,google/fleurs
Kyrgyz,3,0.3252555746140652,0.5840347178731347,3.069475707136422,google/fleurs
Kyrgyz,4,0.4336740994854202,0.3212317167973886,2.4854409892632874,google/fleurs
Kyrgyz,5,0.5420926243567753,0.1600163358221782,2.164209272465899,google/fleurs
Kyrgyz,6,0.6505111492281304,0.1033893214092933,2.004192936643721,google/fleurs
Kyrgyz,7,0.7589296740994854,0.0622160068192754,1.9008036152344272,google/fleurs
Kyrgyz,8,0.8673481989708405,0.0508168636916861,1.838587608415152,google/fleurs
Kyrgyz,9,0.9757667238421956,0.042124578528206,1.7877707447234656,google/fleurs
Kyrgyz,10,1.0841852487135506,0.0312625476904582,1.7456461661952596,google/fleurs
Kyrgyz,11,1.1926037735849055,0.0225578625218914,1.7143836185048014,google/fleurs
Kyrgyz,12,1.3010222984562607,0.01547953215147,1.69182575598291,google/fleurs
Kyrgyz,13,1.409440823327616,0.0121677013832459,1.67634622383144,google/fleurs
Kyrgyz,14,1.5178593481989708,0.0092255689261881,1.664178522448194,google/fleurs
Kyrgyz,15,1.6262778730703258,0.0069500799866557,1.6549529535220058,google/fleurs
Kyrgyz,16,1.734696397941681,0.0054797684695524,1.64800287353535,google/fleurs
Kyrgyz,17,1.843114922813036,0.0041369309585113,1.6425231050657976,google/fleurs
Kyrgyz,18,1.951533447684391,0.0032406532927451,1.6383861741072865,google/fleurs
Kyrgyz,19,2.059951972555746,0.0023325970212817,1.6351455208145411,google/fleurs
Kyrgyz,20,2.168370497427101,0.0018147579150851,1.6328129237932594,google/fleurs
Azerbaijani,1,0.1075196689155691,1.281880074998305,5.076654823413842,google/fleurs
Azerbaijani,2,0.2150393378311383,0.7181638818627305,3.7947747484155374,google/fleurs
Azerbaijani,3,0.3225590067467074,0.5813166067296032,3.076610866552807,google/fleurs
Azerbaijani,4,0.4300786756622766,0.2730947896700333,2.495294259823204,google/fleurs
Azerbaijani,5,0.5375983445778458,0.1237783167405823,2.2221994701531704,google/fleurs
Azerbaijani,6,0.6451180134934149,0.0562148457497251,2.098421153412588,google/fleurs
Azerbaijani,7,0.7526376824089841,0.0362156382148377,2.042206307662863,google/fleurs
Azerbaijani,8,0.8601573513245533,0.0244142917466574,2.005990669448025,google/fleurs
Azerbaijani,9,0.9676770202401224,0.018847245391959,1.981576377701368,google/fleurs
Azerbaijani,10,1.0751966891556917,0.0125645729256471,1.9627291323094087,google/fleurs
Azerbaijani,11,1.1827163580712607,0.0091773439524664,1.950164559383761,google/fleurs
Azerbaijani,12,1.2902360269868298,0.0081619806935031,1.940987215431295,google/fleurs
Azerbaijani,13,1.3977556959023991,0.0053164767964652,1.932825234737792,google/fleurs
Azerbaijani,14,1.5052753648179682,0.0061361014549057,1.9275087579413264,google/fleurs
Azerbaijani,15,1.6127950337335375,0.0030387157767979,1.9213726564864209,google/fleurs
Azerbaijani,16,1.7203147026491066,0.0030991578416821,1.918333940709623,google/fleurs
Azerbaijani,17,1.827834371564676,0.002380836026858,1.9152347828679408,google/fleurs
Azerbaijani,18,1.935354040480245,0.0014987844681442,1.9128539468410828,google/fleurs
Azerbaijani,19,2.0428737093958143,0.0011937255701275,1.9113551623729383,google/fleurs
Azerbaijani,20,2.150393378311384,0.0008626386390355,1.910161436802811,google/fleurs
Hungarian,1,0.0972388065337068,1.1795376292884936,5.157569958297209,google/fleurs
Hungarian,2,0.1944776130674137,0.631983515439237,3.978032329008716,google/fleurs
Hungarian,3,0.2917164196011206,0.6435222590886243,3.3460488135694786,google/fleurs
Hungarian,4,0.3889552261348275,0.3115638553738362,2.7025265544808543,google/fleurs
Hungarian,5,0.4861940326685344,0.1496565239553597,2.390962699107018,google/fleurs
Hungarian,6,0.5834328392022413,0.0942259523120596,2.2413061751516583,google/fleurs
Hungarian,7,0.6806716457359482,0.0636294705357056,2.1470802228395987,google/fleurs
Hungarian,8,0.777910452269655,0.0452649236517981,2.083450752303893,google/fleurs
Hungarian,9,0.8751492588033619,0.0332889607886324,2.038185828652095,google/fleurs
Hungarian,10,0.9723880653370688,0.0216033740719638,2.0048968678634624,google/fleurs
Hungarian,11,1.0696268718707758,0.0174958004084526,1.9832934937914983,google/fleurs
Hungarian,12,1.1668656784044826,0.0127918197399679,1.9657976933830457,google/fleurs
Hungarian,13,1.2641044849381895,0.0098079516906697,1.953005873643078,google/fleurs
Hungarian,14,1.3613432914718964,0.0068572191667413,1.9431979219524085,google/fleurs
Hungarian,15,1.4585820980056032,0.0052961849782176,1.936340702785667,google/fleurs
Hungarian,16,1.55582090453931,0.0040016677601502,1.931044517807449,google/fleurs
Hungarian,17,1.653059711073017,0.0030549334399603,1.9270428500472991,google/fleurs
Hungarian,18,1.7502985176067238,0.0023027601481038,1.9239879166073388,google/fleurs
Hungarian,19,1.8475373241404307,0.0019028565244629,1.921685156459235,google/fleurs
Hungarian,20,1.9447761306741376,0.001265811896274,1.919782299934772,google/fleurs
Bulgarian,1,0.1052900189614602,1.5563643903296152,5.341010750110098,google/fleurs
Bulgarian,2,0.2105800379229205,0.5551498254352887,3.784646359780483,google/fleurs
Bulgarian,3,0.3158700568843807,0.5487482905489194,3.2294965343451945,google/fleurs
Bulgarian,4,0.421160075845841,0.3408380491302663,2.680748243796275,google/fleurs
Bulgarian,5,0.5264500948073013,0.1828384680925285,2.339910194666009,google/fleurs
Bulgarian,6,0.6317401137687615,0.1336565960218294,2.15707172657348,google/fleurs
Bulgarian,7,0.7370301327302218,0.095823798763734,2.023415130551651,google/fleurs
Bulgarian,8,0.8423201516916821,0.0693128239675642,1.9275913317879168,google/fleurs
Bulgarian,9,0.9476101706531423,0.051675560701623,1.8582785078203523,google/fleurs
Bulgarian,10,1.0529001896146026,0.0370943569647037,1.8066029471187293,google/fleurs
Bulgarian,11,1.158190208576063,0.0271868080957018,1.7695085901540255,google/fleurs
Bulgarian,12,1.263480227537523,0.0203227680287607,1.742321782058324,google/fleurs
Bulgarian,13,1.3687702464989833,0.0158734634466326,1.7219990140295631,google/fleurs
Bulgarian,14,1.4740602654604436,0.0114740175944261,1.7061255505829305,google/fleurs
Bulgarian,15,1.5793502844219038,0.0098045982079282,1.6946515329885043,google/fleurs
Bulgarian,16,1.684640303383364,0.0069236500582208,1.684846934780576,google/fleurs
Bulgarian,17,1.7899303223448244,0.0053393492904145,1.6779232847223553,google/fleurs
Bulgarian,18,1.8952203413062847,0.004152588415426,1.6725839354319407,google/fleurs
Bulgarian,19,2.0005103602677448,0.0030097141928062,1.6684313470165146,google/fleurs
Bulgarian,20,2.1058003792292053,0.0023703690361449,1.6654216328237084,google/fleurs
Belarusian,1,0.1197677690258725,1.4460337747472636,5.327674107880608,google/fleurs
Belarusian,2,0.239535538051745,0.5566874066072418,3.881640333133344,google/fleurs
Belarusian,3,0.3593033070776175,0.520452329149272,3.324952926526102,google/fleurs
Belarusian,4,0.47907107610349,0.3624592749273665,2.80450059737683,google/fleurs
Belarusian,5,0.5988388451293625,0.2041185655326485,2.442041322449464,google/fleurs
Belarusian,6,0.718606614155235,0.1254448016321561,2.237922756916815,google/fleurs
Belarusian,7,0.8383743831811075,0.0907024399900344,2.112477955284659,google/fleurs
Belarusian,8,0.95814215220698,0.0610549095508377,2.0217755152946246,google/fleurs
Belarusian,9,1.0779099212328525,0.044051399265677,1.960720605743787,google/fleurs
Belarusian,10,1.197677690258725,0.0310140615978973,1.91666920647811,google/fleurs
Belarusian,11,1.3174454592845974,0.0216458609656615,1.8856551448802128,google/fleurs
Belarusian,12,1.43721322831047,0.0166492860463685,1.864009283914551,google/fleurs
Belarusian,13,1.5569809973363424,0.0141014972632504,1.8473599978681825,google/fleurs
Belarusian,14,1.676748766362215,0.0101931299700543,1.833258500604932,google/fleurs
Belarusian,15,1.7965165353880874,0.0076048335189822,1.8230653706348776,google/fleurs
Belarusian,16,1.91628430441396,0.0057031925859163,1.815460537115896,google/fleurs
Belarusian,17,2.0360520734398326,0.0045266976676783,1.809757344529979,google/fleurs
Belarusian,18,2.155819842465705,0.0033735082790962,1.8052306468623007,google/fleurs
Belarusian,19,2.275587611491577,0.0024933983699868,1.8018571385832045,google/fleurs
Belarusian,20,2.39535538051745,0.0017302199734108,1.7993637402132177,google/fleurs
Mongolian,1,0.1147188274950626,1.4407784105169004,5.253909478024732,google/fleurs
Mongolian,2,0.2294376549901252,0.733534962840233,3.813131067507832,google/fleurs
Mongolian,3,0.3441564824851878,0.5345276100112066,3.0795961046675986,google/fleurs
Mongolian,4,0.4588753099802504,0.3059891464607327,2.545068494656392,google/fleurs
Mongolian,5,0.573594137475313,0.172277041814211,2.2390793481956592,google/fleurs
Mongolian,6,0.6883129649703756,0.1169572732433938,2.066802306381448,google/fleurs
Mongolian,7,0.8030317924654382,0.0741351470554276,1.9498450331380544,google/fleurs
Mongolian,8,0.9177506199605008,0.0494444037272745,1.875709886082627,google/fleurs
Mongolian,9,1.0324694474555631,0.0396776442321438,1.826265482355352,google/fleurs
Mongolian,10,1.147188274950626,0.0277925104667886,1.7865878381232083,google/fleurs
Mongolian,11,1.2619071024456885,0.0204408183122735,1.7587953276564197,google/fleurs
Mongolian,12,1.3766259299407513,0.0156354773213163,1.738354509344146,google/fleurs
Mongolian,13,1.491344757435814,0.0116017963950145,1.7227190320228298,google/fleurs
Mongolian,14,1.6060635849308764,0.0087339242713226,1.7111172356278153,google/fleurs
Mongolian,15,1.720782412425939,0.0059629777856973,1.7023833113564926,google/fleurs
Mongolian,16,1.8355012399210016,0.0046838603268797,1.6964203335707952,google/fleurs
Mongolian,17,1.950220067416064,0.0035842890004453,1.6917364732439155,google/fleurs
Mongolian,18,2.0649388949111267,0.0030299713876182,1.68815218424347,google/fleurs
Mongolian,19,2.1796577224061893,0.00236512132988,1.6851222128558518,google/fleurs
Mongolian,20,2.294376549901252,0.0017925840672288,1.6827570915259715,google/fleurs
Hebrew,1,0.1332454223334959,1.2857891333167617,5.428048087212048,google/fleurs
Hebrew,2,0.2664908446669919,0.4034969237985386,4.142258953895286,google/fleurs
Hebrew,3,0.3997362670004879,0.4414752102838775,3.738762030096748,google/fleurs
Hebrew,4,0.5329816893339839,0.2925119683952895,3.29728681981287,google/fleurs
Hebrew,5,0.6662271116674799,0.2024210416606977,3.0047748514175807,google/fleurs
Hebrew,6,0.7994725340009758,0.1514548280416123,2.802353809756883,google/fleurs
Hebrew,7,0.932717956334472,0.1001185647989393,2.6508989817152706,google/fleurs
Hebrew,8,1.065963378667968,0.0642657495346523,2.550780416916332,google/fleurs
Hebrew,9,1.199208801001464,0.044435769617916,2.486514667381679,google/fleurs
Hebrew,10,1.33245422333496,0.031063577271893,2.442078897763763,google/fleurs
Malay,1,0.1098354012586541,1.5038275733460829,4.796037959995451,google/fleurs
Malay,2,0.2196708025173082,0.4095762384033392,3.2922103866493684,google/fleurs
Malay,3,0.3295062037759624,0.4701047562371236,2.882634148246029,google/fleurs
Malay,4,0.4393416050346165,0.3485559341999775,2.412529392008905,google/fleurs
Malay,5,0.5491770062932707,0.1497924330452971,2.063973457808928,google/fleurs
Malay,6,0.6590124075519248,0.0801985315263786,1.9141810247636308,google/fleurs
Malay,7,0.768847808810579,0.0526725839214747,1.833982493237252,google/fleurs
Malay,8,0.8786832100692331,0.0368042467535525,1.7813099093157774,google/fleurs
Malay,9,0.9885186113278872,0.0185514564713229,1.7445056625622248,google/fleurs
Malay,10,1.0983540125865414,0.0166939512780663,1.725954206090902,google/fleurs
Malay,11,1.2081894138451956,0.0166395140880537,1.7092602548128355,google/fleurs
Malay,12,1.3180248151038496,0.0123252757876324,1.6926207407247815,google/fleurs
Malay,13,1.4278602163625038,0.010682689337524,1.680295464937149,google/fleurs
Malay,14,1.537695617621158,0.006886600964044,1.6696127755996253,google/fleurs
Malay,15,1.647531018879812,0.006000378533661,1.6627261746355813,google/fleurs
Malay,16,1.7573664201384662,0.0041307186640238,1.6567257961019202,google/fleurs
Malay,17,1.8672018213971204,0.0030574220766141,1.6525950774378964,google/fleurs
Malay,18,1.9770372226557744,0.0030403026649699,1.6495376553612822,google/fleurs
Malay,19,2.0868726239144286,0.0021945593126653,1.6464973526963125,google/fleurs
Malay,20,2.196708025173083,0.0018605136456686,1.644302793383647,google/fleurs
Lithuanian,1,0.1117671378822332,1.2385775553209042,5.124051957636912,google/fleurs
Lithuanian,2,0.2235342757644664,0.5442892435085738,3.885474402316008,google/fleurs
Lithuanian,3,0.3353014136466996,0.5337501906524262,3.3411851588074337,google/fleurs
Lithuanian,4,0.4470685515289329,0.3597929546113163,2.8074349681550075,google/fleurs
Lithuanian,5,0.5588356894111661,0.2156427467916408,2.447642013543691,google/fleurs
Lithuanian,6,0.6706028272933993,0.1407687025080961,2.2319992667520503,google/fleurs
Lithuanian,7,0.7823699651756325,0.1090620899473286,2.091230564243954,google/fleurs
Lithuanian,8,0.8941371030578658,0.0779689638064848,1.9821684742966248,google/fleurs
Lithuanian,9,1.005904240940099,0.0502751952684352,1.9041995104901408,google/fleurs
Lithuanian,10,1.1176713788223325,0.0365178108374739,1.8539243152217053,google/fleurs
Lithuanian,11,1.2294385167045654,0.0282513898363001,1.817406504384232,google/fleurs
Lithuanian,12,1.3412056545867983,0.0203131656908426,1.7891551145479312,google/fleurs
Lithuanian,13,1.452972792469032,0.0155261974570151,1.7688419488570886,google/fleurs
Lithuanian,14,1.564739930351265,0.0115642630435124,1.7533157514000737,google/fleurs
Lithuanian,15,1.6765070682334984,0.0085447897832853,1.741751488356561,google/fleurs
Lithuanian,16,1.7882742061157315,0.0060710558704899,1.7332066985732757,google/fleurs
Lithuanian,17,1.9000413439979649,0.0044501492931217,1.7271356427027855,google/fleurs
Lithuanian,18,2.011808481880198,0.0032520307801597,1.722685493409664,google/fleurs
Lithuanian,19,2.123575619762432,0.0023235534841923,1.7194334626295045,google/fleurs
Lithuanian,20,2.2353427576446645,0.0017618857148749,1.717109909145312,google/fleurs
Mandarin Chinese,1,0.2895938321832362,1.866725833499201,11.46909188735724,google/fleurs
Mandarin Chinese,2,0.5791876643664725,2.5419639121821227,9.60236605385804,google/fleurs
Mandarin Chinese,3,0.8687814965497087,0.1078442258022391,7.060402141675917,google/fleurs
Mandarin Chinese,4,1.158375328732945,0.9530296302061084,6.952557915873678,google/fleurs
Mandarin Chinese,5,1.447969160916181,0.1406346723699263,5.999528285667569,google/fleurs
Mandarin Chinese,6,1.7375629930994174,0.296669055705328,5.858893613297643,google/fleurs
Mandarin Chinese,7,2.027156825282654,0.0894991607749062,5.562224557592315,google/fleurs
Mandarin Chinese,8,2.31675065746589,0.088660241158351,5.472725396817409,google/fleurs
Mandarin Chinese,9,2.606344489649126,0.0465018033330544,5.384065155659058,google/fleurs
Mandarin Chinese,10,2.8959383218323627,0.0371213777878196,5.337563352326003,google/fleurs
Luo,1,0.1379710191673453,1.3625561313373784,4.836109841494051,google/fleurs
Luo,2,0.2759420383346907,0.4022235026624274,3.4735537101566725,google/fleurs
Luo,3,0.4139130575020361,0.42578361293819,3.071330207494245,google/fleurs
Luo,4,0.5518840766693814,0.2806958849785701,2.645546594556055,google/fleurs
Luo,5,0.6898550958367268,0.158186619000499,2.364850709577485,google/fleurs
Luo,6,0.8278261150040722,0.0946255103270541,2.206664090576986,google/fleurs
Luo,7,0.9657971341714175,0.0673805036370929,2.112038580249932,google/fleurs
Luo,8,1.1037681533387629,0.06605518423143,2.044658076612839,google/fleurs
Luo,9,1.2417391725061082,0.0476755002333124,1.9786028923814087,google/fleurs
Luo,10,1.3797101916734535,0.0352552184434238,1.9309273921480965,google/fleurs
Luo,11,1.5176812108407989,0.0267117584289706,1.8956721737046724,google/fleurs
Luo,12,1.6556522300081444,0.0183386615522984,1.8689604152757016,google/fleurs
Luo,13,1.7936232491754898,0.0152336079266341,1.8506217537234035,google/fleurs
Luo,14,1.931594268342835,0.0115033450056845,1.835388145796769,google/fleurs
Luo,15,2.0695652875101804,0.0098727985568309,1.8238848007910848,google/fleurs
Luo,16,2.2075363066775258,0.0069790967018417,1.8140120022342536,google/fleurs
Luo,17,2.345507325844871,0.0053741793553667,1.807032905532412,google/fleurs
Luo,18,2.4834783450122164,0.0040949107276042,1.8016587261770447,google/fleurs
Luo,19,2.6214493641795618,0.003294358790679,1.7975638154494409,google/fleurs
Luo,20,2.759420383346907,0.0024176550466858,1.7942694566587618,google/fleurs
Bosnian,1,0.110137650297654,1.1491595454999797,4.870640992205035,google/fleurs
Bosnian,2,0.2202753005953081,0.414054363520739,3.721481446705056,google/fleurs
Bosnian,3,0.3304129508929622,0.4426620852436218,3.307427083184317,google/fleurs
Bosnian,4,0.4405506011906163,0.3170077070042083,2.864764997940695,google/fleurs
Bosnian,5,0.5506882514882704,0.1963227763712303,2.5477572909364867,google/fleurs
Bosnian,6,0.6608259017859244,0.1400435431500715,2.3514345145652564,google/fleurs
Bosnian,7,0.7709635520835785,0.0981093959360803,2.211390971415185,google/fleurs
Bosnian,8,0.8811012023812326,0.068294001117553,2.113281575479105,google/fleurs
Bosnian,9,0.9912388526788868,0.049101397291094,2.0449875743615515,google/fleurs
Bosnian,10,1.1013765029765408,0.0358577040616938,1.9958861770704568,google/fleurs
Bosnian,11,1.2115141532741949,0.0249710785659151,1.960028473008764,google/fleurs
Bosnian,12,1.3216518035718487,0.0184766673458462,1.9350573944428484,google/fleurs
Bosnian,13,1.4317894538695028,0.0141605863852296,1.916580727097002,google/fleurs
Bosnian,14,1.541927104167157,0.0109695118419701,1.9024201407117725,google/fleurs
Bosnian,15,1.652064754464811,0.0080002823241407,1.8914506288698023,google/fleurs
Bosnian,16,1.7622024047624651,0.0055987031971114,1.8834503465456616,google/fleurs
Bosnian,17,1.8723400550601192,0.0042334527602869,1.87785164334855,google/fleurs
Bosnian,18,1.982477705357773,0.0031393006401705,1.8736181905882632,google/fleurs
Bosnian,19,2.0926153556554272,0.0024598039859253,1.8704788899480929,google/fleurs
Bosnian,20,2.202753005953081,0.0017815927305611,1.868019085962168,google/fleurs
Maltese,1,0.1095408388520971,1.1640310895715396,5.00971877738498,google/fleurs
Maltese,2,0.2190816777041942,0.5928501204049845,3.84568768781344,google/fleurs
Maltese,3,0.3286225165562914,0.6214384585710127,3.252837567408456,google/fleurs
Maltese,4,0.4381633554083885,0.3761268114194895,2.631399108837443,google/fleurs
Maltese,5,0.5477041942604857,0.1760142103249502,2.255272297417953,google/fleurs
Maltese,6,0.6572450331125828,0.096960992039399,2.079258087093004,google/fleurs
Maltese,7,0.76678587196468,0.0734078017907828,1.9822970950536043,google/fleurs
Maltese,8,0.876326710816777,0.0565201037590685,1.9088892932628208,google/fleurs
Maltese,9,0.985867549668874,0.038617884167208,1.8523691895037528,google/fleurs
Maltese,10,1.095408388520971,0.0294722634325246,1.8137513053365448,google/fleurs
Maltese,11,1.2049492273730684,0.0219893659459875,1.7842790419040202,google/fleurs
Maltese,12,1.3144900662251655,0.0159851946625291,1.7622896759580329,google/fleurs
Maltese,13,1.4240309050772626,0.0130581837146139,1.7463044812955035,google/fleurs
Maltese,14,1.53357174392936,0.0094074579129721,1.7332462975808896,google/fleurs
Maltese,15,1.643112582781457,0.007426741234241,1.7238388396679174,google/fleurs
Maltese,16,1.752653421633554,0.0056119830299292,1.7164120984336764,google/fleurs
Maltese,17,1.8621942604856512,0.0042778074704352,1.710800115403747,google/fleurs
Maltese,18,1.9717350993377485,0.0034005420284064,1.7065223079333118,google/fleurs
Maltese,19,2.0812759381898456,0.0030375560272541,1.7031217659049054,google/fleurs
Maltese,20,2.1908167770419427,0.0020304615146218,1.7000842098776512,google/fleurs
Shona,1,0.1210239636221614,1.6418421690156957,4.915244488289405,google/fleurs
Shona,2,0.2420479272443229,0.3902518665468517,3.273402319273709,google/fleurs
Shona,3,0.3630718908664844,0.4056494451013641,2.883150452726857,google/fleurs
Shona,4,0.4840958544886459,0.2947885682331868,2.4775010076254933,google/fleurs
Shona,5,0.6051198181108074,0.1700171243480399,2.1827124393923065,google/fleurs
Shona,6,0.7261437817329688,0.0937615583456519,2.0126953150442666,google/fleurs
Shona,7,0.8471677453551303,0.0733910554538341,1.9189337566986149,google/fleurs
Shona,8,0.9681917089772918,0.0531579906635606,1.8455427012447805,google/fleurs
Shona,9,1.0892156725994533,0.0348966389535241,1.7923847105812198,google/fleurs
Shona,10,1.2102396362216148,0.0250802068245963,1.7574880716276955,google/fleurs
Shona,11,1.3312635998437763,0.0179192824434326,1.7324078648030994,google/fleurs
Shona,12,1.4522875634659376,0.014950541046879,1.7144885823596667,google/fleurs
Shona,13,1.573311527088099,0.0153393677635567,1.6995380413127876,google/fleurs
Shona,14,1.6943354907102606,0.0103643726897995,1.684198673549231,google/fleurs
Shona,15,1.815359454332422,0.0077309174943538,1.6738343008594314,google/fleurs
Shona,16,1.936383417954584,0.0068720163692048,1.6661033833650776,google/fleurs
Shona,17,2.057407381576745,0.0046669684393316,1.6592313669958727,google/fleurs
Shona,18,2.1784313451989066,0.0035810126153796,1.654564398556541,google/fleurs
Shona,19,2.299455308821068,0.002427153894539,1.6509833859411611,google/fleurs
Shona,20,2.4204792724432296,0.0022028704386787,1.6485562320466225,google/fleurs
Uzbek,1,0.1009928538847498,1.3830655720446083,4.892048263340445,google/fleurs
Uzbek,2,0.2019857077694997,0.5156660596525908,3.508982691295837,google/fleurs
Uzbek,3,0.3029785616542497,0.553493004955242,2.9933166316432462,google/fleurs
Uzbek,4,0.4039714155389995,0.3790268468134825,2.439823626688004,google/fleurs
Uzbek,5,0.5049642694237495,0.1688258150940045,2.0607967798745217,google/fleurs
Uzbek,6,0.6059571233084994,0.0958376450514943,1.8919709647805167,google/fleurs
Uzbek,7,0.7069499771932493,0.06400901864739,1.7961333197290228,google/fleurs
Uzbek,8,0.8079428310779991,0.0487332758120875,1.7321243010816327,google/fleurs
Uzbek,9,0.908935684962749,0.0332393977153822,1.6833910252695452,google/fleurs
Uzbek,10,1.009928538847499,0.0236739722976233,1.650151627554163,google/fleurs
Uzbek,11,1.1109213927322488,0.0213401280591043,1.6264776552565396,google/fleurs
Uzbek,12,1.2119142466169988,0.0146124337237987,1.6051375271974353,google/fleurs
Uzbek,13,1.3129071005017483,0.0118234714458038,1.5905250934736366,google/fleurs
Uzbek,14,1.4138999543864983,0.0086317313641173,1.5787016220278327,google/fleurs
Uzbek,15,1.5148928082712485,0.0068028615715545,1.5700698906637154,google/fleurs
Uzbek,16,1.6158856621559985,0.0047287314910793,1.5632670290921609,google/fleurs
Uzbek,17,1.7168785160407485,0.0035214254923818,1.5585382976010815,google/fleurs
Uzbek,18,1.817871369925498,0.0029319980616244,1.5550168721086997,google/fleurs
Uzbek,19,1.918864223810248,0.0024248084436766,1.5520848740470752,google/fleurs
Uzbek,20,2.019857077694998,0.0016471456224433,1.5496600656033983,google/fleurs
Greek,1,0.0894705088935104,1.6810971597146134,5.623828034341652,google/fleurs
Greek,2,0.1789410177870208,0.6008427229349693,3.9427308746270384,google/fleurs
Greek,3,0.2684115266805312,0.5957507373879163,3.341888151692069,google/fleurs
Greek,4,0.3578820355740417,0.3153279337626395,2.746137414304153,google/fleurs
Greek,5,0.4473525444675521,0.131799732075649,2.430809480541513,google/fleurs
Greek,6,0.5368230533610625,0.0741712642050336,2.2990097484658643,google/fleurs
Greek,7,0.626293562254573,0.056251263985168,2.22483848426083,google/fleurs
Greek,8,0.7157640711480834,0.046526859392415,2.168587220275662,google/fleurs
Greek,9,0.8052345800415938,0.0323238973289572,2.122060360883248,google/fleurs
Greek,10,0.8947050889351043,0.025197316420745,2.0897364635542903,google/fleurs
Greek,11,0.9841755978286146,0.0163059271465164,2.064539147133545,google/fleurs
Greek,12,1.073646106722125,0.0118546359178566,2.048233219987029,google/fleurs
Greek,13,1.1631166156156354,0.0088947809037964,2.036378584069172,google/fleurs
Greek,14,1.252587124509146,0.0055278076196363,2.027483803165376,google/fleurs
Greek,15,1.3420576334026564,0.0057160073630049,2.02195599554574,google/fleurs
Greek,16,1.4315281422961668,0.0041589531386407,2.0162399881827344,google/fleurs
Greek,17,1.5209986511896771,0.0032948697919219,2.0120810350440936,google/fleurs
Greek,18,1.6104691600831875,0.0023113152525078,2.008786165252172,google/fleurs
Greek,19,1.699939668976698,0.0017837615600742,2.006474849999664,google/fleurs
Greek,20,1.7894101778702085,0.0015379883396091,2.0046910884395897,google/fleurs
Malayalam,1,0.0951748087347273,1.860463570266644,5.712666251777162,google/fleurs
Malayalam,2,0.1903496174694546,0.9894027170570076,3.8522026815105184,google/fleurs
Malayalam,3,0.2855244262041819,0.4529669221251384,2.8627999644535107,google/fleurs
Malayalam,4,0.3806992349389093,0.2470005979060756,2.4098330423283723,google/fleurs
Malayalam,5,0.4758740436736366,0.1353121018163139,2.1628324444222966,google/fleurs
Malayalam,6,0.5710488524083639,0.0588366570941811,2.0275203426059827,google/fleurs
Malayalam,7,0.6662236611430913,0.0432052864210079,1.9686836855118013,google/fleurs
Malayalam,8,0.7613984698778186,0.0285711338673726,1.925478399090793,google/fleurs
Malayalam,9,0.8565732786125458,0.021501181266494,1.896907265223421,google/fleurs
Malayalam,10,0.9517480873472732,0.0192514982357951,1.8754060839569269,google/fleurs
Malayalam,11,1.0469228960820005,0.0159570176294503,1.856154585721132,google/fleurs
Malayalam,12,1.1420977048167278,0.0118955423223703,1.840197568091681,google/fleurs
Malayalam,13,1.237272513551455,0.0079505889558275,1.828302025769311,google/fleurs
Malayalam,14,1.3324473222861826,0.0059793320972947,1.820351436813484,google/fleurs
Malayalam,15,1.4276221310209098,0.0055213289341846,1.8143721047161887,google/fleurs
Malayalam,16,1.5227969397556371,0.0037898879462918,1.808850775782004,google/fleurs
Malayalam,17,1.6179717484903644,0.0033770313053587,1.805060887835712,google/fleurs
Malayalam,18,1.7131465572250917,0.0027146517985501,1.8016838565303528,google/fleurs
Malayalam,19,1.8083213659598192,0.0020128844983922,1.798969204731803,google/fleurs
Malayalam,20,1.9034961746945465,0.0015957204803322,1.7969563202334111,google/fleurs
Yoruba,1,0.1597188322353896,1.3312063069454867,5.483624159098268,google/fleurs
Yoruba,2,0.3194376644707793,0.6631951393161954,4.152417852152781,google/fleurs
Yoruba,3,0.479156496706169,0.4789969758062198,3.4892227128365856,google/fleurs
Yoruba,4,0.6388753289415587,0.2851271581970618,3.010225737030366,google/fleurs
Yoruba,5,0.7985941611769485,0.1811485908871359,2.725098578833304,google/fleurs
Yoruba,6,0.958312993412338,0.1243782265689898,2.543949987946168,google/fleurs
Yoruba,7,1.1180318256477275,0.0874495248688456,2.419571761377178,google/fleurs
Yoruba,8,1.2777506578831177,0.0700937982471945,2.3321222365083325,google/fleurs
Yoruba,9,1.4374694901185072,0.0509860842681462,2.262028438261138,google/fleurs
Yoruba,10,1.597188322353897,0.0365072268463229,2.211042353992992,google/fleurs
Yoruba,11,1.7569071545892865,0.0263049419271186,2.174535127146669,google/fleurs
Yoruba,12,1.916625986824676,0.0199919399806995,2.1482301852195502,google/fleurs
Yoruba,13,2.0763448190600657,0.0145737577434208,2.12823824523885,google/fleurs
Yoruba,14,2.2360636512954555,0.0116731347304464,2.11366448749543,google/fleurs
Yoruba,15,2.395782483530845,0.0083860751113493,2.1019913527649834,google/fleurs
Yoruba,16,2.555501315766235,0.0067860098022749,2.093605277653634,google/fleurs
Yoruba,17,2.7152201480016247,0.0047709855071547,2.086819267851359,google/fleurs
Yoruba,18,2.8749389802370144,0.0035385161105208,2.0820482823442044,google/fleurs
Yoruba,19,3.034657812472404,0.002914298278096,2.078509766233684,google/fleurs
Yoruba,20,3.194376644707794,0.0021626939751984,2.0755954679555875,google/fleurs
French,1,0.0975264232188793,1.2893124359176462,4.9700648361655055,google/fleurs
French,2,0.1950528464377586,0.5956238579906801,3.6807524002478593,google/fleurs
French,3,0.2925792696566379,0.4975855424784146,3.08512854225718,google/fleurs
French,4,0.3901056928755173,0.3252055334292936,2.5875429997787647,google/fleurs
French,5,0.4876321160943966,0.1467548436819425,2.262337466349471,google/fleurs
French,6,0.5851585393132759,0.0970873684155799,2.1155826226675285,google/fleurs
French,7,0.6826849625321553,0.0751250555731737,2.0184952542519485,google/fleurs
French,8,0.7802113857510345,0.0563298202083506,1.9433701986787748,google/fleurs
French,9,0.8777378089699138,0.0437442868873094,1.887040378470424,google/fleurs
French,10,0.9752642321887932,0.0331242609967212,1.8432960915831147,google/fleurs
French,11,1.0727906554076725,0.0240293906125976,1.8101718305863927,google/fleurs
French,12,1.1703170786265518,0.0171462349707214,1.7861424399737955,google/fleurs
French,13,1.267843501845431,0.0128841133746717,1.7689962050030743,google/fleurs
French,14,1.3653699250643103,0.0096289807680136,1.7561120916284023,google/fleurs
French,15,1.4628963482831898,0.0077003685521743,1.7464831108603889,google/fleurs
French,16,1.560422771502069,0.0054277060862184,1.7387827423082145,google/fleurs
French,17,1.6579491947209484,0.0041972028343491,1.733355036221996,google/fleurs
French,18,1.7554756179398276,0.0032652923427194,1.729157833387647,google/fleurs
French,19,1.8530020411587071,0.0022947734223628,1.7258925410449275,google/fleurs
French,20,1.9505284643775864,0.0018674408220828,1.723597767622565,google/fleurs
Portuguese (Brazil),1,0.1189878288061806,1.439142629261852,5.10174146224747,google/fleurs
Portuguese (Brazil),2,0.2379756576123613,0.5057971981476319,3.6625988329856174,google/fleurs
Portuguese (Brazil),3,0.356963486418542,0.484695300211357,3.1568016348379864,google/fleurs
Portuguese (Brazil),4,0.4759513152247226,0.3037550713326418,2.6721063346266294,google/fleurs
Portuguese (Brazil),5,0.5949391440309033,0.1539451171653647,2.368351263293988,google/fleurs
Portuguese (Brazil),6,0.713926972837084,0.0868626660889333,2.214406146128623,google/fleurs
Portuguese (Brazil),7,0.8329148016432646,0.0778966590929783,2.127543480039689,google/fleurs
Portuguese (Brazil),8,0.9519026304494452,0.0544221538893379,2.049646820946711,google/fleurs
Portuguese (Brazil),9,1.070890459255626,0.0387331655793774,1.9952246670573728,google/fleurs
Portuguese (Brazil),10,1.1898782880618066,0.0282954911612209,1.956491501477996,google/fleurs
Portuguese (Brazil),11,1.3088661168679872,0.0224915484263712,1.9281960103167748,google/fleurs
Portuguese (Brazil),12,1.427853945674168,0.016589773079837,1.9057044618904035,google/fleurs
Portuguese (Brazil),13,1.5468417744803484,0.0121094769539515,1.8891146888105663,google/fleurs
Portuguese (Brazil),14,1.6658296032865292,0.0086448588728844,1.877005211856615,google/fleurs
Portuguese (Brazil),15,1.7848174320927097,0.0071935101616955,1.8683603529837305,google/fleurs
Portuguese (Brazil),16,1.9038052608988905,0.0055243380078859,1.861166842822035,google/fleurs
Portuguese (Brazil),17,2.022793089705071,0.0039143795503029,1.855642504814149,google/fleurs
Portuguese (Brazil),18,2.141780918511252,0.0034068706967493,1.851728125263846,google/fleurs
Portuguese (Brazil),19,2.2607687473174325,0.002346089662681,1.8483212545670968,google/fleurs
Portuguese (Brazil),20,2.379756576123613,0.0017499531435056,1.845975164904416,google/fleurs
Armenian,1,0.103206087561392,1.7076688592288938,5.414225906930249,google/fleurs
Armenian,2,0.2064121751227841,0.5386914607460231,3.7065570477013554,google/fleurs
Armenian,3,0.3096182626841761,0.540500499835245,3.1678655869553323,google/fleurs
Armenian,4,0.4128243502455682,0.3588473277386534,2.627365087120088,google/fleurs
Armenian,5,0.5160304378069602,0.174815174736278,2.268517759381434,google/fleurs
Armenian,6,0.6192365253683523,0.1039494876288276,2.093702584645156,google/fleurs
Armenian,7,0.7224426129297443,0.0678785385084841,1.989753097016328,google/fleurs
Armenian,8,0.8256487004911364,0.0478795265004694,1.921874558507844,google/fleurs
Armenian,9,0.9288547880525284,0.0333637074573682,1.8739950320073744,google/fleurs
Armenian,10,1.0320608756139205,0.0262324077495446,1.8406313245500063,google/fleurs
Armenian,11,1.1352669631753125,0.0184134142251461,1.8143989168004613,google/fleurs
Armenian,12,1.2384730507367046,0.0155945536819539,1.7959855025753155,google/fleurs
Armenian,13,1.3416791382980966,0.0125553859383411,1.7803909488933616,google/fleurs
Armenian,14,1.4448852258594886,0.0102183303547089,1.7678355629550204,google/fleurs
Armenian,15,1.548091313420881,0.0065462225444123,1.7576172326003114,google/fleurs
Armenian,16,1.6512974009822727,0.0049082632889698,1.751071010055899,google/fleurs
Armenian,17,1.7545034885436648,0.0040070754277552,1.7461627467669292,google/fleurs
Armenian,18,1.8577095761050568,0.0030260542339002,1.742155671339174,google/fleurs
Armenian,19,1.9609156636664489,0.0022660179733873,1.7391296171052737,google/fleurs
Armenian,20,2.064121751227841,0.0021568195948702,1.7368635991318864,google/fleurs
Central Kurdish,1,0.1206309041835357,1.531214908914571,5.194585436232061,google/fleurs
Central Kurdish,2,0.2412618083670715,0.4943126539713889,3.66337052731749,google/fleurs
Central Kurdish,3,0.3618927125506073,0.4675653991270394,3.169057873346101,google/fleurs
Central Kurdish,4,0.482523616734143,0.2901191227840693,2.701492474219062,google/fleurs
Central Kurdish,5,0.6031545209176788,0.1476967420374926,2.4113733514349924,google/fleurs
Central Kurdish,6,0.7237854251012146,0.101570378159292,2.2636766093975,google/fleurs
Central Kurdish,7,0.8444163292847504,0.0798758261008902,2.162106231238208,google/fleurs
Central Kurdish,8,0.965047233468286,0.0598360625432143,2.082230405137317,google/fleurs
Central Kurdish,9,1.085678137651822,0.0453214233573311,2.022394342594103,google/fleurs
Central Kurdish,10,1.2063090418353577,0.0319121208807142,1.977072919236772,google/fleurs
Central Kurdish,11,1.3269399460188935,0.0242448504718009,1.9451607983560577,google/fleurs
Central Kurdish,12,1.4475708502024291,0.0186376109316797,1.9209159478842568,google/fleurs
Central Kurdish,13,1.568201754385965,0.0144360928057005,1.902278336952577,google/fleurs
Central Kurdish,14,1.6888326585695008,0.0101548198430074,1.8878422441468763,google/fleurs
Central Kurdish,15,1.8094635627530364,0.0077521960558288,1.877687424303869,google/fleurs
Central Kurdish,16,1.9300944669365725,0.0057426622101459,1.86993522824804,google/fleurs
Central Kurdish,17,2.050725371120108,0.0042336409461809,1.8641925660378944,google/fleurs
Central Kurdish,18,2.171356275303644,0.0034141850615005,1.8599589250917128,google/fleurs
Central Kurdish,19,2.29198717948718,0.0023046099387795,1.8565447400302129,google/fleurs
Central Kurdish,20,2.4126180836707154,0.0019143236994605,1.854240130091433,google/fleurs
Kabuverdianu,1,0.140361071741918,1.384134316554769,5.06791389779846,google/fleurs
Kabuverdianu,2,0.280722143483836,0.4893479636488207,3.6837795812436895,google/fleurs
Kabuverdianu,3,0.4210832152257541,0.4711277245150125,3.1944316175948697,google/fleurs
Kabuverdianu,4,0.5614442869676721,0.3122185343752606,2.723303893079857,google/fleurs
Kabuverdianu,5,0.7018053587095902,0.159950495368395,2.4110853587045966,google/fleurs
Kabuverdianu,6,0.8421664304515082,0.1021335759519108,2.2511348633362016,google/fleurs
Kabuverdianu,7,0.9825275021934262,0.0808135926898363,2.1490012873842907,google/fleurs
Kabuverdianu,8,1.1228885739353442,0.0654975213681954,2.0681876946944544,google/fleurs
Kabuverdianu,9,1.2632496456772624,0.0452353208248013,2.002690173326259,google/fleurs
Kabuverdianu,10,1.4036107174191803,0.0313214760810349,1.9574548525014577,google/fleurs
Kabuverdianu,11,1.5439717891610982,0.0258920727685787,1.9261333764204227,google/fleurs
Kabuverdianu,12,1.6843328609030164,0.0187291598260588,1.900241303651844,google/fleurs
Kabuverdianu,13,1.8246939326449343,0.014325435212485,1.881512143825785,google/fleurs
Kabuverdianu,14,1.9650550043868524,0.0109103303027324,1.8671867086133,google/fleurs
Kabuverdianu,15,2.1054160761287704,0.0080364066379419,1.856276378310568,google/fleurs
Kabuverdianu,16,2.2457771478706885,0.0063176498445747,1.8482399716726257,google/fleurs
Kabuverdianu,17,2.386138219612606,0.0044329883267613,1.841922321828051,google/fleurs
Kabuverdianu,18,2.526499291354525,0.0037335936489313,1.8374893335012896,google/fleurs
Kabuverdianu,19,2.6668603630964425,0.0027688643625425,1.8337557398523583,google/fleurs
Kabuverdianu,20,2.8072214348383606,0.001913896707764,1.830986875489816,google/fleurs
Serbian,1,0.1259626664938263,1.7581075144324003,5.652789657318708,google/fleurs
Serbian,2,0.2519253329876527,0.5289981875959406,3.894682142886308,google/fleurs
Serbian,3,0.3778879994814791,0.4320315559064385,3.365683955290367,google/fleurs
Serbian,4,0.5038506659753055,0.3263199585933476,2.9336523993839285,google/fleurs
Serbian,5,0.6298133324691318,0.2024504417826134,2.607332440790581,google/fleurs
Serbian,6,0.7557759989629582,0.1341561615086512,2.4048819990079675,google/fleurs
Serbian,7,0.8817386654567846,0.0938891879143608,2.270725837499316,google/fleurs
Serbian,8,1.007701331950611,0.063747694438375,2.176836649584956,google/fleurs
Serbian,9,1.1336639984444372,0.046298696125774,2.1130889551465803,google/fleurs
Serbian,10,1.2596266649382637,0.0315242308944427,2.0667902590208063,google/fleurs
Serbian,11,1.3855893314320902,0.0235619535564639,2.0352660281263635,google/fleurs
Serbian,12,1.5115519979259164,0.0189340855567019,2.0117040745698995,google/fleurs
Serbian,13,1.6375146644197427,0.0123365192717765,1.9927699890131976,google/fleurs
Serbian,14,1.7634773309135692,0.0096735448370326,1.980433469741421,google/fleurs
Serbian,15,1.889439997407396,0.0069880497614547,1.9707599249043883,google/fleurs
Serbian,16,2.015402663901222,0.0052684414110777,1.9637718751429336,google/fleurs
Serbian,17,2.141365330395048,0.0040734603757732,1.958503433731856,google/fleurs
Serbian,18,2.2673279968888744,0.0029258386190793,1.9544299733560824,google/fleurs
Serbian,19,2.393290663382701,0.0022318668307315,1.9515041347370032,google/fleurs
Serbian,20,2.5192533298765274,0.0015956967217656,1.949272267906272,google/fleurs
Assamese,1,0.132960358640156,1.775930822233878,5.840579108764833,google/fleurs
Assamese,2,0.2659207172803121,0.8243390594683162,4.064648286530955,google/fleurs
Assamese,3,0.3988810759204682,0.5394700263954517,3.2403092270626384,google/fleurs
Assamese,4,0.5318414345606243,0.3309357923186256,2.700839200667186,google/fleurs
Assamese,5,0.6648017932007804,0.1920918945291285,2.369903408348561,google/fleurs
Assamese,6,0.7977621518409364,0.1093247788120828,2.1778115138194325,google/fleurs
Assamese,7,0.9307225104810924,0.0742806748107982,2.0684867350073497,google/fleurs
Assamese,8,1.0636828691212483,0.0584270331394869,1.994206060196552,google/fleurs
Assamese,9,1.1966432277614043,0.0392065837554733,1.9357790270570645,google/fleurs
Assamese,10,1.3296035864015607,0.0314271488127513,1.8965724433015911,google/fleurs
Assamese,11,1.4625639450417167,0.0234509558849469,1.86514529448884,google/fleurs
Assamese,12,1.5955243036818727,0.0179364352850031,1.8416943386038929,google/fleurs
Assamese,13,1.728484662322029,0.013646565604571,1.823757903318889,google/fleurs
Assamese,14,1.861445020962185,0.0100262500092584,1.8101113377143188,google/fleurs
Assamese,15,1.994405379602341,0.0074155871358139,1.8000850877050605,google/fleurs
Assamese,16,2.127365738242497,0.0052323859020984,1.7926695005692463,google/fleurs
Assamese,17,2.260326096882653,0.0040143022641287,1.787437114667148,google/fleurs
Assamese,18,2.393286455522809,0.0030132708359003,1.7834228124030191,google/fleurs
Assamese,19,2.526246814162965,0.0023753961525549,1.7804095415671188,google/fleurs
Assamese,20,2.659207172803121,0.0019689849181654,1.7780341454145638,google/fleurs
Bengali,1,0.1225901484986554,1.845896437807388,5.750302113415519,google/fleurs
Bengali,2,0.2451802969973109,0.7920638645818614,3.904405675608132,google/fleurs
Bengali,3,0.3677704454959664,0.5249059407968986,3.1123418110262704,google/fleurs
Bengali,4,0.4903605939946218,0.3390258396379249,2.587435870229372,google/fleurs
Bengali,5,0.6129507424932773,0.17811366155202,2.248410030591447,google/fleurs
Bengali,6,0.7355408909919328,0.1005808489254087,2.070296369039427,google/fleurs
Bengali,7,0.8581310394905882,0.0748939908895871,1.9697155201140184,google/fleurs
Bengali,8,0.9807211879892436,0.0578586485992167,1.894821529224431,google/fleurs
Bengali,9,1.103311336487899,0.0424893872723322,1.8369628806252143,google/fleurs
Bengali,10,1.2259014849865546,0.032275842169547,1.794473493352882,google/fleurs
Bengali,11,1.3484916334852102,0.0264918816345638,1.762197651183335,google/fleurs
Bengali,12,1.4710817819838655,0.0208812545045269,1.7357057695487712,google/fleurs
Bengali,13,1.5936719304825209,0.014746490701277,1.7148245150442445,google/fleurs
Bengali,14,1.7162620789811764,0.0117661990180049,1.7000780243429672,google/fleurs
Bengali,15,1.838852227479832,0.0078205738598491,1.6883118253249625,google/fleurs
Bengali,16,1.961442375978488,0.0060148170961198,1.6804912514651131,google/fleurs
Bengali,17,2.0840325244771427,0.0047493213601987,1.6744764343689933,google/fleurs
Bengali,18,2.206622672975798,0.0034599752192836,1.6697271130087945,google/fleurs
Bengali,19,2.329212821474454,0.0026440500315507,1.6662671377895109,google/fleurs
Bengali,20,2.451802969973109,0.0018846753343906,1.66362308775796,google/fleurs
Nyanja,1,0.1196496132831902,1.5662421099132344,4.873266456932286,google/fleurs
Nyanja,2,0.2392992265663805,0.4027245561846371,3.3070243470190515,google/fleurs
Nyanja,3,0.3589488398495707,0.4370462419064957,2.9042997908344144,google/fleurs
Nyanja,4,0.478598453132761,0.3152033015395759,2.4672535489279186,google/fleurs
Nyanja,5,0.5982480664159513,0.1657964807976046,2.1520502473883427,google/fleurs
Nyanja,6,0.7178976796991415,0.0965520282280623,1.986253766590738,google/fleurs
Nyanja,7,0.8375472929823318,0.0721712646148717,1.889701738362676,google/fleurs
Nyanja,8,0.957196906265522,0.0416953253134495,1.817530473747804,google/fleurs
Nyanja,9,1.0768465195487122,0.0290677311954872,1.7758351484343544,google/fleurs
Nyanja,10,1.1964961328319026,0.0223997422244852,1.7467674172388672,google/fleurs
Nyanja,11,1.3161457461150927,0.0197259341847879,1.724367675014382,google/fleurs
Nyanja,12,1.435795359398283,0.0153857993632395,1.704641740829594,google/fleurs
Nyanja,13,1.5554449726814732,0.0133029750182405,1.6892559414663544,google/fleurs
Nyanja,14,1.6750945859646635,0.0105106262520693,1.675952966448114,google/fleurs
Nyanja,15,1.7947441992478537,0.0079707171557188,1.6654423401960443,google/fleurs
Nyanja,16,1.914393812531044,0.0054997391165916,1.6574716230403257,google/fleurs
Nyanja,17,2.034043425814234,0.004539350823888,1.651971883923734,google/fleurs
Nyanja,18,2.1536930390974245,0.0033849500607312,1.647432533099846,google/fleurs
Nyanja,19,2.273342652380615,0.0024980896180288,1.6440475830391148,google/fleurs
Nyanja,20,2.392992265663805,0.0019886985384733,1.641549493421086,google/fleurs
Norwegian Bokmål,1,0.1176756166707241,1.225103322641779,4.937199237068277,google/fleurs
Norwegian Bokmål,2,0.2353512333414482,0.5642320551151587,3.712095914426498,google/fleurs
Norwegian Bokmål,3,0.3530268500121724,0.4347005932453336,3.147863859311339,google/fleurs
Norwegian Bokmål,4,0.4707024666828965,0.3050345297740677,2.713163266066005,google/fleurs
Norwegian Bokmål,5,0.5883780833536207,0.1656948614141087,2.4081287362919377,google/fleurs
Norwegian Bokmål,6,0.7060537000243449,0.1115630810800372,2.242433874877829,google/fleurs
Norwegian Bokmål,7,0.823729316695069,0.0809650873868621,2.130870793797792,google/fleurs
Norwegian Bokmål,8,0.9414049333657932,0.0604936134618232,2.0499057064109296,google/fleurs
Norwegian Bokmål,9,1.0590805500365172,0.0474177545907097,1.9894120929491064,google/fleurs
Norwegian Bokmål,10,1.1767561667072417,0.0359741247424481,1.9419943383583969,google/fleurs
Norwegian Bokmål,11,1.2944317833779655,0.0264254665433547,1.9060202136159483,google/fleurs
Norwegian Bokmål,12,1.4121074000486895,0.018210927486902,1.8795947470725936,google/fleurs
Norwegian Bokmål,13,1.5297830167194135,0.0131391434939833,1.861383819585692,google/fleurs
Norwegian Bokmål,14,1.647458633390138,0.0098480309613453,1.8482446760917084,google/fleurs
Norwegian Bokmål,15,1.765134250060862,0.0084398847698994,1.838396645130363,google/fleurs
Norwegian Bokmål,16,1.8828098667315865,0.0059297746904096,1.829956760360464,google/fleurs
Norwegian Bokmål,17,2.0004854834023105,0.0042022196634206,1.824026985670054,google/fleurs
Norwegian Bokmål,18,2.1181611000730345,0.003353912884594,1.819824766006633,google/fleurs
Norwegian Bokmål,19,2.2358367167437585,0.0023871385296165,1.81647085312204,google/fleurs
Norwegian Bokmål,20,2.353512333414483,0.0018037243740587,1.814083714592423,google/fleurs
Amharic,1,0.1912640392593342,1.6689950166042875,6.998121890907776,google/fleurs
Amharic,2,0.3825280785186684,1.0886963387921569,5.329126874303489,google/fleurs
Amharic,3,0.5737921177780027,0.3906297496249165,4.240430535511332,google/fleurs
Amharic,4,0.7650561570373369,0.2583037360771718,3.849800785886416,google/fleurs
Amharic,5,0.9563201962966712,0.148836819146767,3.591497049809244,google/fleurs
Amharic,6,1.1475842355560053,0.1074089180295869,3.4426602306624767,google/fleurs
Amharic,7,1.3388482748153394,0.0792593382292974,3.3352513126328898,google/fleurs
Amharic,8,1.5301123140746735,0.0518222986445215,3.2559919744035923,google/fleurs
Amharic,9,1.721376353334008,0.0352570788718114,3.2041696757590707,google/fleurs
Amharic,10,1.9126403925933424,0.0234863262876028,3.16891259688726,google/fleurs
Nepali,1,0.1195147476243366,1.7538852066237078,5.791787631922232,google/fleurs
Nepali,2,0.2390294952486733,0.8341661415068704,4.037902425298524,google/fleurs
Nepali,3,0.35854424287301,0.591984693565133,3.203736283791654,google/fleurs
Nepali,4,0.4780589904973467,0.330862697778306,2.611751590226521,google/fleurs
Nepali,5,0.5975737381216834,0.1753244695975295,2.280888892448215,google/fleurs
Nepali,6,0.71708848574602,0.0975823077939788,2.1055644228506853,google/fleurs
Nepali,7,0.8366032333703567,0.0686370791691295,2.0079821150567065,google/fleurs
Nepali,8,0.9561179809946934,0.051165811982919,1.939345035887577,google/fleurs
Nepali,9,1.07563272861903,0.0384837688586867,1.888179223904658,google/fleurs
Nepali,10,1.1951474762433667,0.0295987174508542,1.8496954550459712,google/fleurs
Nepali,11,1.3146622238677033,0.023837544869508,1.820096737595117,google/fleurs
Nepali,12,1.43417697149204,0.0183817633767338,1.7962591927256089,google/fleurs
Nepali,13,1.5536917191163768,0.0138281867492278,1.777877429348875,google/fleurs
Nepali,14,1.6732064667407134,0.0103449741040424,1.7640492425996472,google/fleurs
Nepali,15,1.79272121436505,0.0079888758302093,1.7537042684956048,google/fleurs
Nepali,16,1.9122359619893867,0.0057814462752403,1.7457153926653954,google/fleurs
Nepali,17,2.0317507096137235,0.0046336779086504,1.739933946390155,google/fleurs
Nepali,18,2.1512654572380603,0.0034318344543788,1.7353002684815046,google/fleurs
Nepali,19,2.2707802048623966,0.002322295460845,1.7318684340271258,google/fleurs
Nepali,20,2.3902949524867334,0.0020795690677839,1.7295461385662807,google/fleurs
Javanese,1,0.1208611390437882,1.489338580300724,4.849411291767657,google/fleurs
Javanese,2,0.2417222780875765,0.3088408535651874,3.360072711466933,google/fleurs
Javanese,3,0.3625834171313648,0.4604204087904944,3.0512318579017457,google/fleurs
Javanese,4,0.4834445561751531,0.3485079252222824,2.590811449111252,google/fleurs
Javanese,5,0.6043056952189414,0.1698762125333788,2.242303523888969,google/fleurs
Javanese,6,0.7251668342627297,0.0965359096970819,2.07242731135559,google/fleurs
Javanese,7,0.8460279733065179,0.0624637134120229,1.975891401658508,google/fleurs
Javanese,8,0.9668891123503062,0.0505276440278728,1.913427688246485,google/fleurs
Javanese,9,1.0877502513940944,0.0380598065978654,1.8629000442186123,google/fleurs
Javanese,10,1.2086113904378828,0.0314167763494508,1.8248402376207469,google/fleurs
Javanese,11,1.329472529481671,0.0246105806959875,1.793423461271296,google/fleurs
Javanese,12,1.4503336685254593,0.0195856177417079,1.7688128805753085,google/fleurs
Javanese,13,1.5711948075692477,0.0150764363579258,1.7492272628336003,google/fleurs
Javanese,14,1.6920559466130358,0.010618949406161,1.7341508264756746,google/fleurs
Javanese,15,1.812917085656824,0.0080904657532054,1.7235318770695136,google/fleurs
Javanese,16,1.9337782247006123,0.0064367283761881,1.715441411316308,google/fleurs
Javanese,17,2.0546393637444007,0.0051519427529935,1.70900468294012,google/fleurs
Javanese,18,2.175500502788189,0.0044741402836581,1.7038527401871264,google/fleurs
Javanese,19,2.296361641831977,0.0031575657056248,1.6993785999034683,google/fleurs
Javanese,20,2.4172227808757656,0.0024686373803914,1.6962210341978434,google/fleurs
Umbundu,1,0.2251736936727947,1.7905656553676723,5.018642803075322,google/fleurs
Umbundu,2,0.4503473873455894,0.3836116191755661,3.228077147707649,google/fleurs
Umbundu,3,0.6755210810183842,0.4017484217010016,2.844465528532083,google/fleurs
Umbundu,4,0.9006947746911789,0.2754941861973594,2.4427171068310813,google/fleurs
Umbundu,5,1.1258684683639737,0.1468507182476592,2.167222920633722,google/fleurs
Umbundu,6,1.3510421620367683,0.0990131090799666,2.020372202386062,google/fleurs
Umbundu,7,1.5762158557095631,0.0669316394293286,1.921359093306096,google/fleurs
Umbundu,8,1.8013895493823575,0.0581046608203532,1.854427453876768,google/fleurs
Umbundu,9,2.0265632430551523,0.038985179699829,1.796322793056414,google/fleurs
Umbundu,10,2.251736936727947,0.0304324754475178,1.757337613356585,google/fleurs
Umbundu,11,2.476910630400742,0.0261339635082697,1.7269051379090672,google/fleurs
Umbundu,12,2.7020843240735366,0.0221920625561777,1.7007711744007974,google/fleurs
Umbundu,13,2.927258017746331,0.0154620367809339,1.6785791118446196,google/fleurs
Umbundu,14,3.1524317114191263,0.0119916462498026,1.6631170750636857,google/fleurs
Umbundu,15,3.377605405091921,0.0097811876833084,1.651125428813883,google/fleurs
Umbundu,16,3.6027790987647155,0.0076446216631382,1.6413442411305743,google/fleurs
Umbundu,17,3.82795279243751,0.0056948926721469,1.6336996194674362,google/fleurs
Umbundu,18,4.053126486110305,0.0051116794758196,1.6280047267952893,google/fleurs
Umbundu,19,4.278300179783099,0.0036973236622852,1.6228930473194696,google/fleurs
Umbundu,20,4.503473873455894,0.0027227856174973,1.6191957236571843,google/fleurs
Croatian,1,0.118086016626424,1.1886194004977182,4.934274201549687,google/fleurs
Croatian,2,0.236172033252848,0.4235191103700102,3.745654801051968,google/fleurs
Croatian,3,0.354258049879272,0.4340426973125733,3.322135690681958,google/fleurs
Croatian,4,0.4723440665056961,0.3240427916194681,2.888092993369385,google/fleurs
Croatian,5,0.5904300831321201,0.1935436255981404,2.5640502017499167,google/fleurs
Croatian,6,0.7085160997585441,0.126627656680283,2.3705065761517763,google/fleurs
Croatian,7,0.8266021163849682,0.0936720923618246,2.243878919471493,google/fleurs
Croatian,8,0.9446881330113922,0.0624191175094779,2.1502068271096686,google/fleurs
Croatian,9,1.0627741496378162,0.0482431948966572,2.0877877096001907,google/fleurs
Croatian,10,1.1808601662642402,0.0315207134466724,2.0395445147035334,google/fleurs
Croatian,11,1.2989461828906643,0.0253842908521784,2.008023801256861,google/fleurs
Croatian,12,1.4170321995170885,0.0183163663795455,1.9826395104046823,google/fleurs
Croatian,13,1.5351182161435124,0.0140815925521255,1.964323144025137,google/fleurs
Croatian,14,1.6532042327699363,0.0111336507160377,1.950241551473012,google/fleurs
Croatian,15,1.7712902493963605,0.0080029911688817,1.9391079007569736,google/fleurs
Croatian,16,1.8893762660227844,0.0060523755903412,1.931104909588092,google/fleurs
Croatian,17,2.0074622826492083,0.0048046961357191,1.925052533997751,google/fleurs
Croatian,18,2.1255482992756325,0.0033192941674704,1.920247837862032,google/fleurs
Croatian,19,2.2436343159020566,0.0025612956226845,1.916928543694561,google/fleurs
Croatian,20,2.3617203325284803,0.0017966660600634,1.9143672480718763,google/fleurs
Kazakh,1,0.1207330763508487,1.9752607333896035,5.625815723516034,google/fleurs
Kazakh,2,0.2414661527016974,0.6605267001982185,3.650554990126431,google/fleurs
Kazakh,3,0.3621992290525461,0.5179823332801967,2.990028289928212,google/fleurs
Kazakh,4,0.4829323054033949,0.3199550149373742,2.4720459566480155,google/fleurs
Kazakh,5,0.6036653817542436,0.1778256205377468,2.1520909417106413,google/fleurs
Kazakh,6,0.7243984581050923,0.1198765853633629,1.9742653211728944,google/fleurs
Kazakh,7,0.845131534455941,0.0773719461825188,1.854388735809532,google/fleurs
Kazakh,8,0.9658646108067898,0.0611741435386401,1.7770167896270126,google/fleurs
Kazakh,9,1.0865976871576384,0.0437367821744136,1.7158426460883724,google/fleurs
Kazakh,10,1.2073307635084871,0.0326401909639966,1.6721058639139588,google/fleurs
Kazakh,11,1.3280638398593358,0.0254056699510496,1.639465672949962,google/fleurs
Kazakh,12,1.4487969162101846,0.0169918246478906,1.6140600029989125,google/fleurs
Kazakh,13,1.569529992561033,0.0125523474453332,1.597068178351022,google/fleurs
Kazakh,14,1.690263068911882,0.0099625655011974,1.5845158309056886,google/fleurs
Kazakh,15,1.8109961452627308,0.0075062617669188,1.5745532654044911,google/fleurs
Kazakh,16,1.9317292216135795,0.0056759381789519,1.5670470036375723,google/fleurs
Kazakh,17,2.052462297964428,0.0049129547342496,1.5613710654586204,google/fleurs
Kazakh,18,2.1731953743152768,0.0035793230223322,1.556458110724371,google/fleurs
Kazakh,19,2.293928450666125,0.002541266508772,1.5528787877020385,google/fleurs
Kazakh,20,2.4146615270169742,0.0020431912479617,1.5503375211932664,google/fleurs
Burmese,1,0.100704580481727,2.695156150782747,6.004983218479136,google/fleurs
Burmese,2,0.2014091609634541,0.673815202324993,3.309827067696389,google/fleurs
Burmese,3,0.3021137414451812,0.3701639415205529,2.636011865371396,google/fleurs
Burmese,4,0.4028183219269083,0.2339046825702229,2.265847923850844,google/fleurs
Burmese,5,0.5035229024086354,0.1399516137004992,2.0319432412806204,google/fleurs
Burmese,6,0.6042274828903625,0.0836725170496828,1.8919916275801207,google/fleurs
Burmese,7,0.7049320633720897,0.0459109635608703,1.8083191105304384,google/fleurs
Burmese,8,0.8056366438538167,0.0380222429550036,1.762408146969568,google/fleurs
Burmese,9,0.9063412243355438,0.0260381100809994,1.7243859040145644,google/fleurs
Burmese,10,1.0070458048172708,0.0176722632056245,1.698347793933565,google/fleurs
Burmese,11,1.107750385298998,0.0146452878920011,1.6806755307279404,google/fleurs
Burmese,12,1.208454965780725,0.0115650522228551,1.6660302428359393,google/fleurs
Burmese,13,1.309159546262452,0.0096010033685256,1.654465190613084,google/fleurs
Burmese,14,1.4098641267441794,0.0071502494889386,1.6448641872445584,google/fleurs
Burmese,15,1.5105687072259064,0.0051316919521586,1.6377139377556198,google/fleurs
Burmese,16,1.6112732877076337,0.0041917091727996,1.6325822458034611,google/fleurs
Burmese,17,1.7119778681893605,0.0030974773999605,1.6283905366306617,google/fleurs
Burmese,18,1.8126824486710875,0.0028071338621302,1.6252930592307009,google/fleurs
Burmese,19,1.9133870291528148,0.0017080608523059,1.6224859253685706,google/fleurs
Burmese,20,2.0140916096345416,0.0013260045824206,1.6207778645162647,google/fleurs
Marathi,1,0.1240265774332554,1.7602067411710918,5.769654670669329,google/fleurs
Marathi,2,0.2480531548665109,0.7915190138197552,4.009447929498237,google/fleurs
Marathi,3,0.3720797322997664,0.5330187641514219,3.217928915678482,google/fleurs
Marathi,4,0.4961063097330219,0.2914547674407193,2.68491015152706,google/fleurs
Marathi,5,0.6201328871662775,0.1519670420236307,2.393455384086341,google/fleurs
Marathi,6,0.7441594645995329,0.0774841729098669,2.24148834206271,google/fleurs
Marathi,7,0.8681860420327884,0.0578619476643171,2.164004169152843,google/fleurs
Marathi,8,0.992212619466044,0.0491133957935088,2.106142221488526,google/fleurs
Marathi,9,1.1162391968992993,0.037692429473934,2.057028825695017,google/fleurs
Marathi,10,1.240265774332555,0.0281951902979682,2.019336396221083,google/fleurs
Marathi,11,1.3642923517658103,0.0216283887870354,1.9911412059231148,google/fleurs
Marathi,12,1.4883189291990655,0.0174734673584582,1.96951281713608,google/fleurs
Marathi,13,1.6123455066323211,0.0116139389978824,1.9520393497776207,google/fleurs
Marathi,14,1.7363720840655767,0.0100259453699065,1.9404254107797387,google/fleurs
Marathi,15,1.8603986614988324,0.007247990334757,1.930399465409832,google/fleurs
Marathi,16,1.984425238932088,0.0052304258257114,1.9231514750750751,google/fleurs
Marathi,17,2.1084518163653434,0.0041435074630244,1.917921049249364,google/fleurs
Marathi,18,2.2324783937985986,0.0030768281003712,1.9137775417863392,google/fleurs
Marathi,19,2.356504971231854,0.0022516641363419,1.910700713685968,google/fleurs
Marathi,20,2.48053154866511,0.0016124538268744,1.908449049549626,google/fleurs
Persian,1,0.1511100110876885,1.0477120091316978,5.172881463079526,google/fleurs
Persian,2,0.3022200221753771,0.6254684098222842,4.125169453947828,google/fleurs
Persian,3,0.4533300332630656,0.5536616894595019,3.499701044125544,google/fleurs
Persian,4,0.6044400443507542,0.3112531163656684,2.946039354666042,google/fleurs
Persian,5,0.7555500554384427,0.1750430336043726,2.6347862383003737,google/fleurs
Persian,6,0.9066600665261312,0.1193636497501655,2.459743204696001,google/fleurs
Persian,7,1.0577700776138197,0.0926625419844673,2.3403795549458355,google/fleurs
Persian,8,1.2088800887015083,0.0649722354220276,2.247717012961368,google/fleurs
Persian,9,1.359990099789197,0.0472528619879262,2.1827447775393405,google/fleurs
Persian,10,1.5111001108768851,0.0353002089529463,2.1354919155514143,google/fleurs
Persian,11,1.662210121964574,0.0281802769582593,2.100191706598468,google/fleurs
Persian,12,1.8133201330522624,0.0195834286800531,2.072011429640209,google/fleurs
Persian,13,1.964430144139951,0.0146892011061017,2.0524280009601554,google/fleurs
Persian,14,2.1155401552276394,0.0113245428237216,2.0377387998540537,google/fleurs
Persian,15,2.266650166315328,0.0085784559910253,2.026414257030332,google/fleurs
Persian,16,2.4177601774030166,0.0061083415697043,2.0178358010393067,google/fleurs
Persian,17,2.5688701884907053,0.0045232360758009,2.0117274594696024,google/fleurs
Persian,18,2.719980199578394,0.0034770987276999,2.007204223393801,google/fleurs
Persian,19,2.871090210666082,0.0024895346601847,2.003727124666101,google/fleurs
Persian,20,3.0222002217537707,0.001877932052126,2.0012375900059167,google/fleurs
Welsh,1,0.1138819421063758,1.0916730222814215,4.934286524571626,google/fleurs
Welsh,2,0.2277638842127516,0.5457472097584612,3.8426135022902046,google/fleurs
Welsh,3,0.3416458263191274,0.5307126884847833,3.296866292531744,google/fleurs
Welsh,4,0.4555277684255032,0.4238653918026243,2.76615360404696,google/fleurs
Welsh,5,0.569409710531879,0.2025681203955618,2.342288212244336,google/fleurs
Welsh,6,0.6832916526382549,0.1183139195282079,2.139720091848774,google/fleurs
Welsh,7,0.7971735947446307,0.0775932304094684,2.021406172320566,google/fleurs
Welsh,8,0.9110555368510064,0.0565639313339101,1.9438129419110977,google/fleurs
Welsh,9,1.0249374789573822,0.0393450587957191,1.8872490105771875,google/fleurs
Welsh,10,1.138819421063758,0.0305877791066406,1.8479039517814684,google/fleurs
Welsh,11,1.252701363170134,0.0224828552738303,1.817316172674828,google/fleurs
Welsh,12,1.3665833052765095,0.0193170026640634,1.7948333174009974,google/fleurs
Welsh,13,1.4804652473828854,0.0142654848665011,1.775516314736934,google/fleurs
Welsh,14,1.5943471894892614,0.0099012424269082,1.7612508298704328,google/fleurs
Welsh,15,1.7082291315956373,0.0074728240852255,1.7513495874435243,google/fleurs
Welsh,16,1.822111073702013,0.0058149895476102,1.743876763358299,google/fleurs
Welsh,17,1.935993015808389,0.0047281495299111,1.7380617738106887,google/fleurs
Welsh,18,2.0498749579147644,0.0036455513293904,1.7333336242807775,google/fleurs
Welsh,19,2.1637569000211405,0.0024991848995952,1.729688072951387,google/fleurs
Welsh,20,2.277638842127516,0.0022852934207799,1.7271888880517918,google/fleurs
Irish,1,0.1284037305878045,1.246325403402913,4.9219220918113455,google/fleurs
Irish,2,0.256807461175609,0.4842555258047549,3.675596688408433,google/fleurs
Irish,3,0.3852111917634135,0.4292434145628379,3.1913411626036776,google/fleurs
Irish,4,0.5136149223512181,0.3131241929425381,2.76209774804084,google/fleurs
Irish,5,0.6420186529390226,0.1875333514308979,2.4489735550983016,google/fleurs
Irish,6,0.7704223835268271,0.1045169868547732,2.261440203667404,google/fleurs
Irish,7,0.8988261141146316,0.0629419543224862,2.1569232168126304,google/fleurs
Irish,8,1.0272298447024362,0.0461266278356355,2.093981262490144,google/fleurs
Irish,9,1.155633575290241,0.035473515715541,2.047854634654509,google/fleurs
Irish,10,1.2840373058780452,0.024056142232105,2.0123811189389675,google/fleurs
Irish,11,1.4124410364658495,0.0178819194870905,1.9883249767068625,google/fleurs
Irish,12,1.5408447670536545,0.0119150134203811,1.970443057219772,google/fleurs
Irish,13,1.6692484976414588,0.0091591826085182,1.9585280437993908,google/fleurs
Irish,14,1.7976522282292633,0.0080475020752424,1.9493688611908728,google/fleurs
Irish,15,1.926055958817068,0.0053614890079094,1.9413213591156304,google/fleurs
Irish,16,2.0544596894048723,0.0040589165004318,1.9359598701077207,google/fleurs
Irish,17,2.182863419992677,0.0031080752202756,1.9319009536072889,google/fleurs
Irish,18,2.3112671505804814,0.0023176281312951,1.9287928783870127,google/fleurs
Irish,19,2.439670881168286,0.0017400721145126,1.926475250255718,google/fleurs
Irish,20,2.5680746117560904,0.001447253436118,1.9247351781412048,google/fleurs
Cebuano,1,0.1079786253915607,1.38691634524687,4.761304547685854,google/fleurs
Cebuano,2,0.2159572507831214,0.4030194173095842,3.374388202438984,google/fleurs
Cebuano,3,0.3239358761746821,0.4911506869223592,2.9713687851294,google/fleurs
Cebuano,4,0.4319145015662428,0.3473052524220699,2.4802180982070405,google/fleurs
Cebuano,5,0.5398931269578036,0.1661939491369135,2.13291284578497,google/fleurs
Cebuano,6,0.6478717523493642,0.080590107980186,1.966718896648057,google/fleurs
Cebuano,7,0.755850377740925,0.0622507403468484,1.886128788667871,google/fleurs
Cebuano,8,0.8638290031324857,0.0520128527209688,1.8238780483210224,google/fleurs
Cebuano,9,0.9718076285240465,0.0390350005293576,1.7718651956000535,google/fleurs
Cebuano,10,1.0797862539156071,0.0299880537301571,1.732830195070696,google/fleurs
Cebuano,11,1.1877648793071678,0.0256272020829995,1.702842141340539,google/fleurs
Cebuano,12,1.2957435046987285,0.0189291648059748,1.6772149392575395,google/fleurs
Cebuano,13,1.4037221300902891,0.0133656044815628,1.6582857744515649,google/fleurs
Cebuano,14,1.51170075548185,0.0117127225984521,1.6449201699700018,google/fleurs
Cebuano,15,1.619679380873411,0.0092966769965614,1.6332074473715497,google/fleurs
Cebuano,16,1.7276580062649711,0.0072393429617934,1.6239107703749882,google/fleurs
Cebuano,17,1.835636631656532,0.0048129408351271,1.6166714274131948,google/fleurs
Cebuano,18,1.943615257048093,0.0036339393928033,1.6118584865780676,google/fleurs
Cebuano,19,2.0515938824396533,0.0030444487788359,1.6082245471852643,google/fleurs
Cebuano,20,2.1595725078312142,0.0025749793260056,1.6051800984064284,google/fleurs
Sindhi,1,0.146838130426043,1.2674467927479478,5.437086544118968,google/fleurs
Sindhi,2,0.2936762608520861,0.6764336232977195,4.16963975137102,google/fleurs
Sindhi,3,0.4405143912781292,0.4818584183780219,3.4932061280733,google/fleurs
Sindhi,4,0.5873525217041723,0.2882555702068878,3.0113477096952783,google/fleurs
Sindhi,5,0.7341906521302154,0.1541216696659426,2.7230921394883905,google/fleurs
Sindhi,6,0.8810287825562584,0.1153091271278108,2.568970469822448,google/fleurs
Sindhi,7,1.0278669129823017,0.0822948429969891,2.453661342694637,google/fleurs
Sindhi,8,1.1747050434083446,0.0625155190545863,2.371366499697648,google/fleurs
Sindhi,9,1.3215431738343877,0.0449400750221316,2.308850980643061,google/fleurs
Sindhi,10,1.4683813042604308,0.0329011665525191,2.26391090562093,google/fleurs
Sindhi,11,1.615219434686474,0.0224963650718068,2.2310097390684107,google/fleurs
Sindhi,12,1.7620575651125168,0.0182136728583541,2.208513373996604,google/fleurs
Sindhi,13,1.90889569553856,0.0129428445386383,2.1902997011382497,google/fleurs
Sindhi,14,2.055733825964603,0.0105129066607871,2.177356856599612,google/fleurs
Sindhi,15,2.202571956390646,0.0082535411334339,2.166843949938824,google/fleurs
Sindhi,16,2.349410086816689,0.0063207334539612,2.15859040880539,google/fleurs
Sindhi,17,2.4962482172427323,0.0042993817252643,2.152269675351429,google/fleurs
Sindhi,18,2.643086347668776,0.0032084151781122,2.1479702936261647,google/fleurs
Sindhi,19,2.7899244780948185,0.0025731771959955,2.1447618784480524,google/fleurs
Sindhi,20,2.9367626085208616,0.0018822655152312,2.142188701252057,google/fleurs
Ganda,1,0.1628706535102928,1.4817228310835833,4.839843218276204,google/fleurs
Ganda,2,0.3257413070205857,0.3346553181209368,3.35812038719262,google/fleurs
Ganda,3,0.4886119605308786,0.3821918273555491,3.023465069071684,google/fleurs
Ganda,4,0.6514826140411715,0.272425159037494,2.641273241716134,google/fleurs
Ganda,5,0.8143532675514643,0.1607114674371645,2.36884808267864,google/fleurs
Ganda,6,0.9772239210617572,0.1079122972503134,2.208136615241476,google/fleurs
Ganda,7,1.14009457457205,0.0788470890583448,2.100224317991162,google/fleurs
Ganda,8,1.302965228082343,0.0603091145184677,2.0213772289328173,google/fleurs
Ganda,9,1.4658358815926358,0.0439131945441975,1.9610681144143496,google/fleurs
Ganda,10,1.6287065351029286,0.0289914212983724,1.917154919870152,google/fleurs
Ganda,11,1.7915771886132217,0.0249199980610048,1.88816349857178,google/fleurs
Ganda,12,1.9544478421235143,0.0180498738612049,1.8632435005107748,google/fleurs
Ganda,13,2.117318495633808,0.0144633194291838,1.8451936266495697,google/fleurs
Ganda,14,2.2801891491441,0.010212836296338,1.830730307220386,google/fleurs
Ganda,15,2.443059802654393,0.0073509174072774,1.820517470924048,google/fleurs
Ganda,16,2.605930456164686,0.0061318232676392,1.8131665535167705,google/fleurs
Ganda,17,2.7688011096749787,0.0048857776198327,1.8070347302491312,google/fleurs
Ganda,18,2.931671763185272,0.0034703357120142,1.8021489526292984,google/fleurs
Ganda,19,3.0945424166955644,0.0025969192998946,1.798678616917284,google/fleurs
Ganda,20,3.257413070205857,0.0018797178512652,1.7960816976173894,google/fleurs
Northern Sotho,1,0.1963370418848167,1.5162957503626715,4.849277458854012,google/fleurs
Northern Sotho,2,0.3926740837696335,0.3487392374472393,3.33298170849134,google/fleurs
Northern Sotho,3,0.5890111256544502,0.3965466429831643,2.9842424710441007,google/fleurs
Northern Sotho,4,0.785348167539267,0.3185062753077834,2.5876958280609363,google/fleurs
Northern Sotho,5,0.9816852094240835,0.1912798137565956,2.269189552753153,google/fleurs
Northern Sotho,6,1.1780222513089005,0.121982637888959,2.0779097389965573,google/fleurs
Northern Sotho,7,1.3743592931937172,0.0818994013486322,1.9559271011075985,google/fleurs
Northern Sotho,8,1.570696335078534,0.0769367233839792,1.874027699758966,google/fleurs
Northern Sotho,9,1.7670333769633506,0.0580076092976262,1.7970909763749867,google/fleurs
Northern Sotho,10,1.9633704188481675,0.0435973340573563,1.7390833670773604,google/fleurs
Northern Sotho,11,2.1597074607329843,0.0334979340695198,1.695486033020004,google/fleurs
Northern Sotho,12,2.356044502617801,0.0263763264619789,1.6619880989504845,google/fleurs
Northern Sotho,13,2.5523815445026177,0.0201943872566972,1.635611772488505,google/fleurs
Northern Sotho,14,2.7487185863874344,0.017212361118112,1.615417385231808,google/fleurs
Northern Sotho,15,2.945055628272251,0.0121566323621142,1.598205024113696,google/fleurs
Northern Sotho,16,3.141392670157068,0.0095892827625683,1.5860483917515815,google/fleurs
Northern Sotho,17,3.3377297120418845,0.006882120100897,1.5764591089890134,google/fleurs
Northern Sotho,18,3.534066753926701,0.0052069371092664,1.5695769888881164,google/fleurs
Northern Sotho,19,3.730403795811518,0.0041729042569866,1.56437005177885,google/fleurs
Northern Sotho,20,3.926740837696335,0.0028613876544161,1.5601971475218632,google/fleurs
Somali,1,0.1227803647515209,1.2928324017212462,4.770996715911441,google/fleurs
Somali,2,0.2455607295030419,0.4072600162555151,3.4781643141901943,google/fleurs
Somali,3,0.3683410942545629,0.3836368102327281,3.0709042979346792,google/fleurs
Somali,4,0.4911214590060839,0.2797800422765366,2.687267487701951,google/fleurs
Somali,5,0.6139018237576048,0.1703646357143493,2.4074874454254145,google/fleurs
Somali,6,0.7366821885091258,0.0869214253140393,2.237122809711065,google/fleurs
Somali,7,0.8594625532606468,0.0646249460835495,2.150201384397026,google/fleurs
Somali,8,0.9822429180121678,0.045837159355059,2.0855764383134763,google/fleurs
Somali,9,1.1050232827636888,0.0333280497865646,2.039739278958417,google/fleurs
Somali,10,1.2278036475152097,0.024134387052479,2.006411229171853,google/fleurs
Somali,11,1.3505840122667307,0.0178587992020671,1.9822768421193733,google/fleurs
Somali,12,1.4733643770182516,0.0153554734553662,1.9644180429173064,google/fleurs
Somali,13,1.5961447417697727,0.0113945169027855,1.94906256946194,google/fleurs
Somali,14,1.7189251065212936,0.0081520568572439,1.9376680525591543,google/fleurs
Somali,15,1.8417054712728147,0.0062147178105613,1.9295159957019103,google/fleurs
Somali,16,1.964485836024336,0.0043038356861659,1.9233012778913487,google/fleurs
Somali,17,2.0872662007758565,0.0035523710867841,1.9189974422051832,google/fleurs
Somali,18,2.210046565527377,0.0025324895711318,1.915445071118399,google/fleurs
Somali,19,2.332826930278898,0.0018029868784974,1.9129125815472672,google/fleurs
Somali,20,2.45560729503042,0.001340389379896,1.9111095946687693,google/fleurs
Xhosa,1,0.1182768720242389,1.4757852939328413,4.898315454196587,google/fleurs
Xhosa,2,0.2365537440484778,0.3438650735513073,3.422530160263746,google/fleurs
Xhosa,3,0.3548306160727168,0.3925173367441243,3.0786650867124385,google/fleurs
Xhosa,4,0.4731074880969557,0.2945243573473628,2.686147749968314,google/fleurs
Xhosa,5,0.5913843601211947,0.2155745217991067,2.391623392620952,google/fleurs
Xhosa,6,0.7096612321454336,0.1278412597825116,2.1760488708218446,google/fleurs
Xhosa,7,0.8279381041696725,0.0939790642269027,2.048207611039333,google/fleurs
Xhosa,8,0.9462149761939116,0.0579465358545017,1.9542285468124303,google/fleurs
Xhosa,9,1.0644918482181505,0.0402091415288197,1.8962820109579288,google/fleurs
Xhosa,10,1.182768720242389,0.0296559687779149,1.8560728694291089,google/fleurs
Xhosa,11,1.3010455922666282,0.0244670665286272,1.8264169006511937,google/fleurs
Xhosa,12,1.4193224642908673,0.0178126358385199,1.8019498341225664,google/fleurs
Xhosa,13,1.537599336315106,0.0137578854350073,1.7841371982840466,google/fleurs
Xhosa,14,1.655876208339345,0.0097923500532248,1.7703793128490393,google/fleurs
Xhosa,15,1.774153080363584,0.0067942576779531,1.7605869627958144,google/fleurs
Xhosa,16,1.892429952387823,0.0058876649261518,1.7537927051178612,google/fleurs
Xhosa,17,2.010706824412062,0.0042517038774947,1.7479050401917091,google/fleurs
Xhosa,18,2.128983696436301,0.0038363471145974,1.7436533363142146,google/fleurs
Xhosa,19,2.24726056846054,0.0024956379118927,1.7398169891996171,google/fleurs
Xhosa,20,2.3655374404847787,0.0019313174726633,1.7373213512877244,google/fleurs
Swahili,1,0.1428870783593392,1.423142358726436,4.813008385778566,google/fleurs
Swahili,2,0.2857741567186784,0.3701020572614717,3.3898660270521304,google/fleurs
Swahili,3,0.4286612350780175,0.4311587497478011,3.019763969790658,google/fleurs
Swahili,4,0.5715483134373568,0.314492922161103,2.588605220042857,google/fleurs
Swahili,5,0.714435391796696,0.1575002875460018,2.2741122978817545,google/fleurs
Swahili,6,0.8573224701560351,0.0859655721789915,2.1166120103357526,google/fleurs
Swahili,7,1.0002095485153744,0.0774929828979746,2.030646438156761,google/fleurs
Swahili,8,1.1430966268747136,0.0559873253218856,1.9531534552587864,google/fleurs
Swahili,9,1.2859837052340528,0.0421923678073776,1.8971661299369007,google/fleurs
Swahili,10,1.428870783593392,0.034886168873919,1.854973762129523,google/fleurs
Swahili,11,1.5717578619527313,0.0244390409112529,1.820087593255604,google/fleurs
Swahili,12,1.7146449403120705,0.0200252037107673,1.795648552344351,google/fleurs
Swahili,13,1.8575320186714093,0.0149723647956945,1.7756233486335835,google/fleurs
Swahili,14,2.0004190970307487,0.0117838510086563,1.7606509838378892,google/fleurs
Swahili,15,2.143306175390088,0.0087876843694558,1.748867132829233,google/fleurs
Swahili,16,2.286193253749427,0.007254614425918,1.740079448459777,google/fleurs
Swahili,17,2.429080332108766,0.0055323001651386,1.732824834033859,google/fleurs
Swahili,18,2.5719674104681056,0.0042797846766631,1.7272925338687204,google/fleurs
Swahili,19,2.7148544888274446,0.0029772173146676,1.7230127491920573,google/fleurs
Swahili,20,2.857741567186784,0.0020214869076768,1.7200355318773897,google/fleurs
Igbo,1,0.166609046682538,1.2706876646859295,4.966637807754887,google/fleurs
Igbo,2,0.3332180933650761,0.6213230236420575,3.695950143068957,google/fleurs
Igbo,3,0.4998271400476141,0.4236223381853969,3.0746271194268995,google/fleurs
Igbo,4,0.6664361867301521,0.2119406736901856,2.6510047812415025,google/fleurs
Igbo,5,0.8330452334126902,0.1079367666012323,2.439064107551317,google/fleurs
Igbo,6,0.9996542800952282,0.0952620559335399,2.331127340950085,google/fleurs
Igbo,7,1.1662633267777662,0.0767262504992603,2.2358652850165446,google/fleurs
Igbo,8,1.3328723734603043,0.0540025417733276,2.1591390345172843,google/fleurs
Igbo,9,1.4994814201428424,0.0486118760340827,2.1051364927439566,google/fleurs
Igbo,10,1.6660904668253804,0.034975165207109,2.056524616709874,google/fleurs
Igbo,11,1.8326995135079185,0.0291712899283898,2.0215494515027648,google/fleurs
Igbo,12,1.9993085601904563,0.0203867953307537,1.992378161574375,google/fleurs
Igbo,13,2.1659176068729944,0.0150661302699959,1.9719913662436213,google/fleurs
Igbo,14,2.3325266535555325,0.0121177415373643,1.956925235973625,google/fleurs
Igbo,15,2.4991357002380705,0.008867808493373,1.944807494436261,google/fleurs
Igbo,16,2.6657447469206086,0.0070723077089043,1.935939685942888,google/fleurs
Igbo,17,2.8323537936031467,0.0051941357448268,1.928867378233984,google/fleurs
Igbo,18,2.9989628402856847,0.0037710572058307,1.9236732424891567,google/fleurs
Igbo,19,3.165571886968223,0.0030229458302315,1.919902185283326,google/fleurs
Igbo,20,3.332180933650761,0.0021089592244125,1.9168792394530945,google/fleurs
Hausa,1,0.1374875436462787,1.4854002782045974,4.83571881632971,google/fleurs
Hausa,2,0.2749750872925575,0.3585354182659719,3.350318538125112,google/fleurs
Hausa,3,0.4124626309388363,0.3944179353637249,2.99178311985914,google/fleurs
Hausa,4,0.5499501745851151,0.2695163378913472,2.597365184495416,google/fleurs
Hausa,5,0.6874377182313939,0.1427145409015189,2.327848846604068,google/fleurs
Hausa,6,0.8249252618776726,0.0933001980960015,2.185134305702549,google/fleurs
Hausa,7,0.9624128055239514,0.0652960731417549,2.091834107606548,google/fleurs
Hausa,8,1.0999003491702302,0.0463468458050329,2.0265380344647927,google/fleurs
Hausa,9,1.237387892816509,0.0363928113648974,1.98019118865976,google/fleurs
Hausa,10,1.3748754364627878,0.028197961496218,1.9437983772948624,google/fleurs
Hausa,11,1.5123629801090666,0.0209422767494014,1.9156004157986444,google/fleurs
Hausa,12,1.6498505237553451,0.0176115626205424,1.894658139049243,google/fleurs
Hausa,13,1.787338067401624,0.0122614477696985,1.8770465764287003,google/fleurs
Hausa,14,1.9248256110479027,0.0099550544013717,1.864785128659002,google/fleurs
Hausa,15,2.062313154694181,0.0077322305172273,1.8548300742576305,google/fleurs
Hausa,16,2.1998006983404603,0.0058061205299766,1.8470978437404029,google/fleurs
Hausa,17,2.337288241986739,0.0042635427509776,1.8412917232104264,google/fleurs
Hausa,18,2.474775785633018,0.0034030104756255,1.8370281804594488,google/fleurs
Hausa,19,2.6122633292792967,0.0025566283434319,1.833625169983823,google/fleurs
Hausa,20,2.7497508729255755,0.0021701332719681,1.8310685416403911,google/fleurs
Fulah,1,0.1603715862765611,1.2906467598617342,4.923145791844569,google/fleurs
Fulah,2,0.3207431725531223,0.4701485768946205,3.632499031982835,google/fleurs
Fulah,3,0.4811147588296835,0.4224837746621022,3.1623504550882147,google/fleurs
Fulah,4,0.6414863451062447,0.2657670073805618,2.7398666804261125,google/fleurs
Fulah,5,0.8018579313828058,0.1737165825518505,2.4740996730455507,google/fleurs
Fulah,6,0.962229517659367,0.1303851426402387,2.3003830904937,google/fleurs
Fulah,7,1.1226011039359285,0.1123532906681918,2.169997947853461,google/fleurs
Fulah,8,1.2829726902124894,0.0936811782338138,2.0576446571852696,google/fleurs
Fulah,9,1.4433442764890505,0.0713128928923834,1.963963478951456,google/fleurs
Fulah,10,1.6037158627656116,0.052541640482244,1.8926505860590723,google/fleurs
Fulah,11,1.764087449042173,0.0387990172042056,1.840108945576828,google/fleurs
Fulah,12,1.924459035318734,0.0297294036633655,1.8013099283726226,google/fleurs
Fulah,13,2.0848306215952954,0.0222860308344552,1.771580524709257,google/fleurs
Fulah,14,2.2452022078718565,0.0153153669028247,1.7492944938748018,google/fleurs
Fulah,15,2.4055737941484177,0.0115869886880151,1.733979126971977,google/fleurs
Fulah,16,2.5659453804249788,0.0086396679835716,1.722392138283962,google/fleurs
Fulah,17,2.72631696670154,0.0063424395570468,1.7137524703003904,google/fleurs
Fulah,18,2.886688552978101,0.0046360556889828,1.7074100307433435,google/fleurs
Fulah,19,3.047060139254662,0.0034173835228703,1.702773975054361,google/fleurs
Fulah,20,3.2074317255312232,0.0026357049363168,1.6993565915314903,google/fleurs
Occitan,1,0.125390625,1.350940508029841,4.996999992874918,google/fleurs
Occitan,2,0.25078125,0.5886434400824094,3.646059484845077,google/fleurs
Occitan,3,0.376171875,0.5016661964257674,3.057416044762668,google/fleurs
Occitan,4,0.5015625,0.3282142993982231,2.5557498483369003,google/fleurs
Occitan,5,0.626953125,0.1731318959254597,2.227535548938677,google/fleurs
Occitan,6,0.7523437500000001,0.105312339307499,2.054403653013217,google/fleurs
Occitan,7,0.8777343750000001,0.0827298282383948,1.9490913137057184,google/fleurs
Occitan,8,1.003125,0.0664522592553364,1.866361485467324,google/fleurs
Occitan,9,1.128515625,0.0474826187812396,1.7999092262119871,google/fleurs
Occitan,10,1.25390625,0.0378417683108969,1.7524266074307475,google/fleurs
Occitan,11,1.379296875,0.0277721977072191,1.7145848391198506,google/fleurs
Occitan,12,1.5046875000000002,0.0183944813266867,1.6868126414126314,google/fleurs
Occitan,13,1.630078125,0.0147632414384035,1.668418160085945,google/fleurs
Occitan,14,1.75546875,0.0099844830620914,1.653654918647541,google/fleurs
Occitan,15,1.880859375,0.0078898836425196,1.6436704355854497,google/fleurs
Occitan,16,2.00625,0.0067234241691702,1.63578055194293,google/fleurs
Occitan,17,2.131640625,0.0051950858055231,1.6290571277737598,google/fleurs
Occitan,18,2.2570312500000003,0.0035277492987135,1.6238620419682366,google/fleurs
Occitan,19,2.382421875,0.0029719563318111,1.620334292669523,google/fleurs
Occitan,20,2.5078125,0.0023486760671165,1.617362336337712,google/fleurs
Zulu,1,0.1498526168876483,1.5705928905988498,4.867229668401108,google/fleurs
Zulu,2,0.2997052337752966,0.3806995162556119,3.296636777802258,google/fleurs
Zulu,3,0.4495578506629449,0.4022320560503187,2.915937261546646,google/fleurs
Zulu,4,0.5994104675505932,0.3040892392565673,2.513705205496328,google/fleurs
Zulu,5,0.7492630844382415,0.1949755610301968,2.20961596623976,google/fleurs
Zulu,6,0.8991157013258899,0.1275593294210526,2.0146404052095632,google/fleurs
Zulu,7,1.048968318213538,0.0836417698579188,1.8870810757885104,google/fleurs
Zulu,8,1.1988209351011865,0.0573611968797371,1.803439305930592,google/fleurs
Zulu,9,1.3486735519888349,0.0388844642505443,1.7460781090508546,google/fleurs
Zulu,10,1.498526168876483,0.0308786356167598,1.7071936448003102,google/fleurs
Zulu,11,1.6483787857641314,0.0215854224447591,1.6763150091835504,google/fleurs
Zulu,12,1.7982314026517798,0.0176915475147545,1.6547295867387912,google/fleurs
Zulu,13,1.948084019539428,0.0151657121368216,1.637038039224037,google/fleurs
Zulu,14,2.097936636427076,0.0111997614657208,1.621872327087215,google/fleurs
Zulu,15,2.247789253314725,0.0084521072527994,1.6106725656214942,google/fleurs
Zulu,16,2.397641870202373,0.0068077607998058,1.6022204583686948,google/fleurs
Zulu,17,2.547494487090021,0.0045359505459914,1.595412697568889,google/fleurs
Zulu,18,2.6973471039776697,0.0035042054929605,1.5908767470228975,google/fleurs
Zulu,19,2.847199720865318,0.0026153665990722,1.587372541529937,google/fleurs
Zulu,20,2.997052337752966,0.0023052368519556,1.5847571749308649,google/fleurs
Kamba,1,0.1541653238533482,1.4277293551792165,4.913383959795307,google/fleurs
Kamba,2,0.3083306477066964,0.2982640957049871,3.4856546046160903,google/fleurs
Kamba,3,0.4624959715600445,0.3351253692516573,3.187390508911103,google/fleurs
Kamba,4,0.6166612954133928,0.2675091609858748,2.852265139659446,google/fleurs
Kamba,5,0.770826619266741,0.1789074683787035,2.584755978673571,google/fleurs
Kamba,6,0.9249919431200893,0.1383429525585793,2.4058485102948675,google/fleurs
Kamba,7,1.0791572669734373,0.1043472806541734,2.267505557736288,google/fleurs
Kamba,8,1.2333225908267855,0.0843197918333347,2.1631582770821147,google/fleurs
Kamba,9,1.3874879146801338,0.0547966903250709,2.07883848524878,google/fleurs
Kamba,10,1.541653238533482,0.0428929666132089,2.024041794923709,google/fleurs
Kamba,11,1.69581856238683,0.0312466998201841,1.9811488283105,google/fleurs
Kamba,12,1.8499838862401785,0.0247775887327068,1.949902128490316,google/fleurs
Kamba,13,2.0041492100935265,0.0177311879220842,1.925124539757609,google/fleurs
Kamba,14,2.1583145339468746,0.0143741014853364,1.9073933518355248,google/fleurs
Kamba,15,2.312479857800223,0.0102393558714801,1.8930192503501884,google/fleurs
Kamba,16,2.466645181653571,0.0079805734218849,1.882779894478708,google/fleurs
Kamba,17,2.620810505506919,0.0058788186807496,1.8747993210568232,google/fleurs
Kamba,18,2.7749758293602675,0.0047928439620563,1.868920502376073,google/fleurs
Kamba,19,2.929141153213616,0.0036967661248461,1.8641276584140167,google/fleurs
Kamba,20,3.083306477066964,0.0026647329521358,1.860430892289171,google/fleurs
Māori,1,0.1826788599548903,1.452464359460539,4.8799647934706325,google/fleurs
Māori,2,0.3653577199097806,0.4035574820299428,3.4275004340100934,google/fleurs
Māori,3,0.548036579864671,0.4537852558738326,3.0239429519801506,google/fleurs
Māori,4,0.7307154398195613,0.3048184797793496,2.570157696106318,google/fleurs
Māori,5,0.9133942997744516,0.1576984345135104,2.2653392163269683,google/fleurs
Māori,6,1.096073159729342,0.0900042770856957,2.107640781813458,google/fleurs
Māori,7,1.2787520196842324,0.0676938360809886,2.0176365047277622,google/fleurs
Māori,8,1.4614308796391229,0.061872940157208,1.9499426686467736,google/fleurs
Māori,9,1.644109739594013,0.0512610324659743,1.8880697284895656,google/fleurs
Māori,10,1.8267885995489035,0.0465515042282842,1.8368086960235912,google/fleurs
Māori,11,2.0094674595037936,0.0373063718594453,1.790257191795307,google/fleurs
Māori,12,2.192146319458684,0.0307808320731375,1.7529508199358617,google/fleurs
Māori,13,2.374825179413574,0.025526116216574,1.722169987862724,google/fleurs
Māori,14,2.5575040393684647,0.0191662668114345,1.69664387164615,google/fleurs
Māori,15,2.740182899323355,0.0147686129209123,1.6774776048347155,google/fleurs
Māori,16,2.9228617592782453,0.0107446818368337,1.6627089919138032,google/fleurs
Māori,17,3.105540619233136,0.0089141449687382,1.6519643100769694,google/fleurs
Māori,18,3.288219479188026,0.0064497652352462,1.6430501651082312,google/fleurs
Māori,19,3.4708983391429165,0.0051998768390844,1.636600399872985,google/fleurs
Māori,20,3.653577199097807,0.0036731699711518,1.6314005230339006,google/fleurs
Catalan,1,0.106339730788579,1.2930631292375616,4.995845541289759,google/fleurs
Catalan,2,0.2126794615771581,0.5369309806362312,3.702782412052197,google/fleurs
Catalan,3,0.3190191923657373,0.4589665505413647,3.165851431415966,google/fleurs
Catalan,4,0.4253589231543163,0.2922851744478061,2.7068848808746013,google/fleurs
Catalan,5,0.5316986539428954,0.143397120938014,2.4145997064267952,google/fleurs
Catalan,6,0.6380383847314746,0.0771691927547415,2.271202585488781,google/fleurs
Catalan,7,0.7443781155200536,0.0598352016184349,2.19403339273404,google/fleurs
Catalan,8,0.8507178463086327,0.0472700866161828,2.1341981911156047,google/fleurs
Catalan,9,0.9570575770972116,0.0319200132332344,2.086928104499422,google/fleurs
Catalan,10,1.0633973078857908,0.0241568004138654,2.0550080912661874,google/fleurs
Catalan,11,1.16973703867437,0.0179246089523217,2.030851290852322,google/fleurs
Catalan,12,1.2760767694629491,0.0118655254887065,2.0129266819,google/fleurs
Catalan,13,1.382416500251528,0.0097765717099933,2.0010611564112937,google/fleurs
Catalan,14,1.4887562310401072,0.0082985620744127,1.9912845847013003,google/fleurs
Catalan,15,1.5950959618286862,0.0062361029971238,1.982986022626888,google/fleurs
Catalan,16,1.7014356926172651,0.0048171549181263,1.976749919629764,google/fleurs
Catalan,17,1.8077754234058443,0.0034294385493156,1.9719327647116367,google/fleurs
Catalan,18,1.914115154194424,0.002359714511124,1.9685033261623217,google/fleurs
Catalan,19,2.0204548849830024,0.0016853216134673,1.9661436116511977,google/fleurs
Catalan,20,2.1267946157715816,0.0015857435966724,1.9644582900377303,google/fleurs
Danish,1,0.1057473502925341,1.1753633599835114,4.917611461306211,google/fleurs
Danish,2,0.2114947005850683,0.5831025602841038,3.7422481013227,google/fleurs
Danish,3,0.3172420508776025,0.4418104792037338,3.159145541038596,google/fleurs
Danish,4,0.4229894011701366,0.2928155265302923,2.717335061834862,google/fleurs
Danish,5,0.5287367514626707,0.1614382234437932,2.4245195353045697,google/fleurs
Danish,6,0.634484101755205,0.114643003210765,2.2630813118607764,google/fleurs
Danish,7,0.7402314520477391,0.0933003704977575,2.1484383086500114,google/fleurs
Danish,8,0.8459788023402732,0.0658738486363825,2.055137938152254,google/fleurs
Danish,9,0.9517261526328074,0.0475638698902514,1.9892640895158715,google/fleurs
Danish,10,1.0574735029253417,0.0337861893071589,1.94170021962562,google/fleurs
Danish,11,1.1632208532178756,0.0266810524041858,1.907914030318461,google/fleurs
Danish,12,1.26896820351041,0.018496370497274,1.8812329779142751,google/fleurs
Danish,13,1.374715553802944,0.0140529941872111,1.862736607417001,google/fleurs
Danish,14,1.4804629040954782,0.0098293321329421,1.84868361322979,google/fleurs
Danish,15,1.5862102543880123,0.0080894543395473,1.838854281096848,google/fleurs
Danish,16,1.6919576046805465,0.0061291065043764,1.8307648267573005,google/fleurs
Danish,17,1.7977049549730806,0.0047442381474696,1.824635720252924,google/fleurs
Danish,18,1.9034523052656147,0.003198389854258,1.8198914821054544,google/fleurs
Danish,19,2.009199655558149,0.0022977970012307,1.8166930922511964,google/fleurs
Danish,20,2.114947005850683,0.0018959376096194,1.8143952952499656,google/fleurs
Wolof,1,0.1471319850984566,1.1720841954374857,5.012968970939435,google/fleurs
Wolof,2,0.2942639701969132,0.4916788797076314,3.8408847755019497,google/fleurs
Wolof,3,0.4413959552953699,0.3717699052610856,3.3492058957943183,google/fleurs
Wolof,4,0.5885279403938265,0.2513780370426017,2.9774359905332326,google/fleurs
Wolof,5,0.7356599254922831,0.1476943959753018,2.726057953490631,google/fleurs
Wolof,6,0.8827919105907398,0.1037584874420578,2.578363557515329,google/fleurs
Wolof,7,1.0299238956891963,0.0820387516273042,2.474605070073271,google/fleurs
Wolof,8,1.177055880787653,0.0655972479651043,2.392566318445967,google/fleurs
Wolof,9,1.3241878658861097,0.0448792398557547,2.3269690704808625,google/fleurs
Wolof,10,1.4713198509845662,0.0342487507550561,2.282089830625108,google/fleurs
Wolof,11,1.618451836083023,0.025732627239968,2.247841079870052,google/fleurs
Wolof,12,1.7655838211814796,0.0195370165617081,2.222108452630084,google/fleurs
Wolof,13,1.912715806279936,0.0145951336314453,2.2025714360683755,google/fleurs
Wolof,14,2.0598477913783926,0.0109084282054419,2.18797630243693,google/fleurs
Wolof,15,2.206979776476849,0.0078438874527768,2.177067874231488,google/fleurs
Wolof,16,2.354111761575306,0.0057740774238075,2.169223986778712,google/fleurs
Wolof,17,2.5012437466737625,0.0045286946862646,2.163449909354904,google/fleurs
Wolof,18,2.6483757317722194,0.003450726143066,2.158921214668639,google/fleurs
Wolof,19,2.795507716870676,0.0024131078502542,2.155470488525573,google/fleurs
Wolof,20,2.9426397019691324,0.0018126326577028,2.153057380675319,google/fleurs
Pashto,1,0.1360483878220983,1.380327256797,5.627669412621427,google/fleurs
Pashto,2,0.2720967756441966,0.5632998555982685,4.247342155824427,google/fleurs
Pashto,3,0.4081451634662949,0.4557945143596127,3.6840423002261584,google/fleurs
Pashto,4,0.5441935512883932,0.2693285154719049,3.2282477858665457,google/fleurs
Pashto,5,0.6802419391104915,0.1817270975734306,2.9589192703946408,google/fleurs
Pashto,6,0.8162903269325898,0.1227553900888316,2.77719217282121,google/fleurs
Pashto,7,0.952338714754688,0.1098453020604735,2.6544367827323785,google/fleurs
Pashto,8,1.0883871025767864,0.0724735308673172,2.544591480671905,google/fleurs
Pashto,9,1.2244354903988848,0.0575571011509854,2.472117949804588,google/fleurs
Pashto,10,1.360483878220983,0.0401605656035521,2.4145608486536023,google/fleurs
Pashto,11,1.496532266043081,0.0286204808014525,2.37440028305005,google/fleurs
Pashto,12,1.6325806538651797,0.020677483347296,2.3457798022485976,google/fleurs
Pashto,13,1.768629041687278,0.0147229199932832,2.3251023189013016,google/fleurs
Pashto,14,1.904677429509376,0.0107808103273865,2.3103793989080184,google/fleurs
Pashto,15,2.040725817331474,0.0077469966164076,2.299598588580632,google/fleurs
Pashto,16,2.176774205153573,0.0058821631973815,2.291851591964224,google/fleurs
Pashto,17,2.312822592975671,0.0044570403022166,2.2859694287668426,google/fleurs
Pashto,18,2.448870980797769,0.003295505652499,2.281512388464626,google/fleurs
Pashto,19,2.584919368619868,0.0024336682095036,2.278216882812127,google/fleurs
Pashto,20,2.720967756441966,0.0018783340497279,2.275783214602624,google/fleurs
German,1,0.0887956337666202,1.3314459978349025,4.9361555258492364,google/fleurs
German,2,0.1775912675332404,0.5411086158148017,3.604709528014334,google/fleurs
German,3,0.2663869012998606,0.4581607421418074,3.0636009121995325,google/fleurs
German,4,0.3551825350664809,0.2874508486282723,2.605440170057725,google/fleurs
German,5,0.4439781688331011,0.1333002642959346,2.3179893214294527,google/fleurs
German,6,0.5327738025997213,0.0882077031685022,2.184689057133518,google/fleurs
German,7,0.6215694363663415,0.0802230586650538,2.096481353965016,google/fleurs
German,8,0.7103650701329618,0.0565223604598246,2.016258295299962,google/fleurs
German,9,0.799160703899582,0.0445530576625741,1.9597359348401373,google/fleurs
German,10,0.8879563376662023,0.0334212032742229,1.9151828771775632,google/fleurs
German,11,0.9767519714328224,0.0230013462137095,1.8817616739033405,google/fleurs
German,12,1.0655476051994426,0.0164646700590251,1.8587603276896307,google/fleurs
German,13,1.1543432389660628,0.0143739413981738,1.842295657630605,google/fleurs
German,14,1.243138872732683,0.0101525604444274,1.827921716232432,google/fleurs
German,15,1.3319345064993031,0.0080520447745258,1.817769155788004,google/fleurs
German,16,1.4207301402659236,0.0056042597476746,1.8097171110134784,google/fleurs
German,17,1.5095257740325438,0.0039322927059732,1.804112851265804,google/fleurs
German,18,1.598321407799164,0.0029100153664083,1.8001805585598305,google/fleurs
German,19,1.6871170415657843,0.0022036030955556,1.7972705431934222,google/fleurs
German,20,1.7759126753324046,0.001605469582453,1.7950669400978665,google/fleurs
Ukrainian,1,0.1089182365507865,1.347032408642368,5.31445656793805,google/fleurs
Ukrainian,2,0.2178364731015731,0.5875709204429054,3.967424159295682,google/fleurs
Ukrainian,3,0.3267547096523596,0.5468725177780898,3.379853238852777,google/fleurs
Ukrainian,4,0.4356729462031462,0.3598868486304827,2.832980721074687,google/fleurs
Ukrainian,5,0.5445911827539328,0.2216485746169776,2.4730938724442044,google/fleurs
Ukrainian,6,0.6535094193047193,0.1504607861659233,2.251445297827227,google/fleurs
Ukrainian,7,0.7624276558555059,0.110213740876504,2.1009845116613035,google/fleurs
Ukrainian,8,0.8713458924062925,0.0761063103452821,1.9907707707848,google/fleurs
Ukrainian,9,0.980264128957079,0.0543878618769866,1.914664460439517,google/fleurs
Ukrainian,10,1.0891823655078656,0.0375957819471297,1.8602765985625307,google/fleurs
Ukrainian,11,1.1981006020586522,0.0293447376954323,1.822680816615401,google/fleurs
Ukrainian,12,1.3070188386094386,0.0216221626288413,1.7933360789199686,google/fleurs
Ukrainian,13,1.4159370751602252,0.0151489230048822,1.7717139162911273,google/fleurs
Ukrainian,14,1.5248553117110115,0.0122469557742539,1.756564993286245,google/fleurs
Ukrainian,15,1.6337735482617983,0.0083547907261052,1.744318037511991,google/fleurs
Ukrainian,16,1.742691784812585,0.0069368467040178,1.735963246785886,google/fleurs
Ukrainian,17,1.8516100213633715,0.0050615749418676,1.729026400081868,google/fleurs
Ukrainian,18,1.960528257914158,0.0037462197158835,1.7239648251400004,google/fleurs
Ukrainian,19,2.0694464944649447,0.0026964980159591,1.7202186054241169,google/fleurs
Ukrainian,20,2.1783647310157312,0.0022784434651093,1.7175221074081577,google/fleurs
Romanian,1,0.109363219561895,1.2158480460472725,4.93565461634868,google/fleurs
Romanian,2,0.21872643912379,0.4450748594297771,3.719806570301408,google/fleurs
Romanian,3,0.3280896586856851,0.5124620832972191,3.2747317108716305,google/fleurs
Romanian,4,0.4374528782475801,0.3195638739101829,2.7622696275744114,google/fleurs
Romanian,5,0.5468160978094752,0.1731307966248132,2.4427057536642285,google/fleurs
Romanian,6,0.6561793173713703,0.0985469473245923,2.269574957039416,google/fleurs
Romanian,7,0.7655425369332653,0.0689994836226657,2.171028009714823,google/fleurs
Romanian,8,0.8749057564951603,0.047812366993948,2.102028526092157,google/fleurs
Romanian,9,0.9842689760570552,0.034171039662743,2.054216159098209,google/fleurs
Romanian,10,1.0936321956189503,0.0228159129802381,2.020045119435466,google/fleurs
Romanian,11,1.2029954151808455,0.01699672184662,1.997229206455228,google/fleurs
Romanian,12,1.3123586347427405,0.0133889736849837,1.980232484608608,google/fleurs
Romanian,13,1.4217218543046355,0.0093423059571278,1.966843510923624,google/fleurs
Romanian,14,1.5310850738665307,0.0075295709400735,1.9575012049664964,google/fleurs
Romanian,15,1.6404482934284257,0.0050390121046701,1.9499716340264228,google/fleurs
Romanian,16,1.749811512990321,0.0043147985164588,1.9449326219217529,google/fleurs
Romanian,17,1.859174732552216,0.0035757415735344,1.940617823405293,google/fleurs
Romanian,18,1.9685379521141104,0.0026346819849532,1.9370420818317595,google/fleurs
Romanian,19,2.0779011716760056,0.0019431293444212,1.934407399846806,google/fleurs
Romanian,20,2.1872643912379006,0.0014127932247778,1.932464270502385,google/fleurs
Lingala,1,0.1669258079054946,1.6966709895635894,4.870016861102907,google/fleurs
Lingala,2,0.3338516158109892,0.4668709309176773,3.173345871539317,google/fleurs
Lingala,3,0.5007774237164839,0.4339639134278146,2.70647494062164,google/fleurs
Lingala,4,0.6677032316219785,0.2891408587194344,2.2725110271938256,google/fleurs
Lingala,5,0.8346290395274731,0.1208916685857701,1.9833701684743912,google/fleurs
Lingala,6,1.001554847432968,0.0511771692612985,1.862478499888621,google/fleurs
Lingala,7,1.1684806553384623,0.0363698483782179,1.8113013306273225,google/fleurs
Lingala,8,1.335406463243957,0.0287248634800301,1.7749314822491045,google/fleurs
Lingala,9,1.5023322711494518,0.0231811841485964,1.7462066187690743,google/fleurs
Lingala,10,1.6692580790549465,0.0150844438575392,1.723025434620478,google/fleurs
Lingala,11,1.836183886960441,0.0195919043324181,1.7079409907629386,google/fleurs
Lingala,12,2.003109694865936,0.0155339968097454,1.6883490864305204,google/fleurs
Lingala,13,2.17003550277143,0.0128107688845817,1.672815089620775,google/fleurs
Lingala,14,2.3369613106769247,0.0107501768156297,1.6600043207361932,google/fleurs
Lingala,15,2.50388711858242,0.0089522381523881,1.6492541439205637,google/fleurs
Lingala,16,2.670812926487914,0.0073960497180793,1.6403019057681754,google/fleurs
Lingala,17,2.8377387343934086,0.0048001441078948,1.632905856050096,google/fleurs
Lingala,18,3.004664542298904,0.0037640100777156,1.628105711942201,google/fleurs
Lingala,19,3.171590350204398,0.0030557144114762,1.6243417018644857,google/fleurs
Lingala,20,3.338516158109893,0.0025678303766616,1.6212859874530092,google/fleurs
